Name,Pos,Team,Age,Contract,Exp,Ovr,Pot,Hgt,Str,Spd,Jmp,End,Ins,Dnk,FT,2Pt,3Pt,oIQ,dIQ,Drb,Pss,Reb
Marquis Von Rosenberg,PG,MIN,30,73.6,2283,86,86,34,74,98,82,79,75,55,94,100,100,76,79,95,94,58
Hunter Cotton,PG,ORL,25,70.77,2283,76,78,28,52,90,77,64,40,48,69,73,82,74,80,73,73,45
Michael Mason,GF,CHI,26,62.36,2280,75,78,46,71,82,79,71,63,73,77,69,69,62,68,68,55,63
Greg Brown,F,MXC,25,44.28,2281,72,75,47,87,59,49,76,69,58,50,61,54,76,79,45,58,78
James Rettig,PG,BOS,27,48.99,2282,70,71,29,51,85,85,63,43,41,56,65,73,66,66,72,77,53
John Hartsook,PG,MIL,28,39.76,2281,70,72,30,55,68,61,57,50,45,69,80,86,57,76,88,83,53
Braxton Minton,F,CHI,26,73.6,2283,70,71,57,59,72,62,70,37,63,67,68,71,43,74,70,47,43
Brian Antonescu,FC,DEN,25,64.13,2282,69,72,67,60,72,78,80,35,42,79,60,87,34,68,40,42,41
Douglas Mitchell,F,GSW,23,67.84,2283,69,74,58,48,69,64,59,62,59,54,74,35,64,72,76,58,46
Steve Mason,F,NYK,27,41.28,2279,68,69,48,77,54,52,71,61,83,49,46,51,67,67,66,53,76
Eimantas Jasikevicius,G,NOJ,29,64.37,2280,68,68,27,61,70,56,75,53,51,78,72,56,74,69,70,65,53
Austin Gibson,G,HOU,26,71.1,2280,68,69,35,73,71,74,58,60,50,67,58,67,52,67,60,77,48
Gino Santoro,FC,HAW,26,56.87,2280,68,69,67,73,51,48,58,52,73,45,44,43,70,61,63,59,77
Tonino Montanari,F,LVA,25,56.04,2283,68,71,56,74,65,70,61,56,74,43,51,42,56,63,65,54,67
Dustin Gavin,SG,NYK,27,70.97,2284,67,67,38,65,76,70,61,48,57,67,76,69,59,53,70,62,69
Brian Cooper,GF,TOR,24,58.25,2282,67,72,54,45,59,55,40,35,27,52,66,65,81,50,95,78,41
Matt Marshall,PF,HAW,24,53.56,2281,67,74,60,58,54,54,72,43,62,66,51,57,67,65,49,54,47
Melvin Trotter,SF,MIA,28,44.31,2283,66,66,55,42,71,73,63,39,46,55,44,51,48,58,83,73,59
Chris Murphy,PG,BKN,28,66.62,2279,66,67,29,59,87,70,57,35,45,64,59,59,52,60,73,79,44
Devin Edwards,PG,MXC,28,58.63,2284,66,66,14,54,71,81,64,38,50,68,65,67,70,66,73,70,52
Devin Lyons,F,DEN,27,66.61,2279,65,65,55,72,40,63,53,46,69,63,47,62,56,65,68,61,53
Isaiah Vasser,SF,LAL,27,67.55,2283,65,66,49,52,57,52,69,57,65,77,80,61,62,50,76,62,61
Patrick Robinson,G,DET,28,70.97,2280,65,65,38,59,62,60,38,44,44,60,79,73,73,52,68,82,64
Kyle Gomes,SF,SAS,26,32.67,2281,65,66,52,57,68,74,45,51,66,47,64,50,61,57,68,60,49
Sebastian Pichler,F,CHA,26,61.63,2282,65,67,56,70,60,52,55,43,73,49,59,53,60,63,52,52,56
Vernon Whitworth,G,SAC,27,30.51,2281,65,66,30,71,80,88,84,54,54,52,53,42,44,62,57,70,55
Vincent Thibault,SF,LAC,31,23.23,2280,64,64,45,57,50,32,76,68,60,52,62,67,65,69,60,50,55
Zach Huston,PF,RAL,30,55.61,2282,64,64,54,72,66,61,51,46,49,39,41,28,56,78,58,38,64
Dimitrije Babovic,C,DAL,29,68.67,2283,64,64,70,75,32,44,63,69,57,41,37,31,68,66,45,66,68
Patrick Bailey,PG,PHX,28,48.15,2282,64,64,22,70,87,75,60,54,49,67,65,58,53,55,61,64,46
Prodromos Andreadis,PG,NYK,26,47.17,2283,64,66,21,54,67,58,64,62,63,55,72,55,57,76,80,67,40
Cody Gross,SG,ORL,25,47.45,2282,64,68,44,52,77,84,48,64,60,70,82,74,53,47,66,48,41
Kregg Anderson,F,HAW,25,12.39,2279,64,67,52,65,53,48,62,43,52,57,46,44,62,79,43,50,51
Trevon Fortin,PG,BOS,29,34.6,2283,63,63,30,62,76,61,59,42,36,37,55,66,54,63,69,66,26
Curtis Hall,FC,LVA,28,73.6,2283,63,65,66,70,54,46,52,81,73,27,31,25,61,59,55,61,80
Eduardo Marquez,F,VIR,27,44.21,2282,63,63,58,57,72,67,51,36,63,46,59,64,57,40,58,58,62
Brandon Goss,SF,MIA,28,44.74,2279,63,64,54,55,66,65,53,44,44,57,62,58,62,45,61,59,52
Rian Campbell,F,LAC,25,16.68,2279,63,65,51,59,57,68,58,27,68,57,64,72,63,55,46,34,61
Armand Terrell,PG,IND,26,73.6,2282,63,65,25,43,69,85,58,41,36,68,64,72,55,59,78,78,37
R.J. Edwards,SF,BOS,26,19.19,2279,63,64,57,42,51,51,50,43,42,41,38,49,62,67,74,69,46
Aaron Funk,C,DAL,22,16.16,2279,63,75,83,51,38,27,52,58,45,43,42,30,82,65,42,45,72
Marko Topic,SF,SAC,23,18.4,2279,63,70,55,41,65,54,56,50,61,39,64,36,59,67,63,56,47
Bryan Mosby,GF,MIN,23,5.28,2279,63,68,45,51,74,81,59,61,77,60,67,50,50,50,70,49,49
Cannon Kirkendoll,SF,CLE,24,11.69,2279,63,69,51,63,80,73,53,52,68,44,49,46,51,48,63,52,43
Jessie Wilkerson,G,QUE,21,6.26,2280,63,78,30,65,89,81,90,52,44,52,46,52,43,56,50,56,46
John Green,C,QUE,31,49.97,2279,62,62,69,61,37,31,43,66,40,46,41,36,66,67,54,62,78
Pernell Shirley,PF,SEA,30,69.8,2281,62,62,61,55,40,45,58,53,39,77,67,49,75,63,41,49,47
Brock Barth,SF,LAC,27,52.34,2281,62,64,55,45,70,82,43,39,65,47,55,52,62,40,66,57,60
Robert Ferrara,GF,NOJ,26,25.27,2280,62,64,41,61,67,71,62,47,52,60,73,51,64,44,69,46,53
Sky Bell,F,SAS,23,50.04,2282,62,69,49,60,74,76,62,45,55,62,59,45,46,57,50,47,63
Dana Ruff,GF,VAN,24,62.44,2284,62,66,44,64,81,82,68,41,62,48,56,40,47,44,67,50,57
Dan Rice,PF,MEM,22,14.67,2280,62,70,65,63,61,63,47,44,68,50,57,53,48,49,57,49,46
Lovre Zuza,F,PHI,23,16.91,2280,62,73,55,50,61,53,60,37,36,51,46,40,58,57,67,70,55
Marshawn Raynor,F,VIR,27,42.54,2282,61,63,48,83,51,53,61,67,57,51,45,61,47,62,44,45,62
Loren Earls,F,SAC,27,40.04,2281,61,63,60,62,70,75,30,50,45,52,61,54,50,47,52,53,41
Tymon Shazier,PF,CHA,25,14.46,2279,61,62,62,58,52,52,48,53,58,43,51,53,61,47,56,61,53
Cole Minter,F,DEN,30,43.54,2282,60,60,52,62,57,48,49,55,58,55,55,50,49,54,64,56,59
Emmanuel Mullins,G,TOR,27,49.29,2283,60,61,36,52,61,66,43,39,58,59,63,62,60,53,72,60,54
Ivan Ramljak,PG,PHX,27,41.9,2282,60,60,31,56,77,68,53,29,40,53,49,49,51,48,79,78,50
Hassan Reed,SF,PHX,29,19.22,2281,60,60,53,61,63,67,38,38,64,62,72,51,45,61,48,49,45
Ben Cade,GF,DAL,26,60.04,2283,60,62,42,50,54,60,42,55,54,60,68,52,64,62,60,56,65
Tyler Haynes,SF,CLE,26,20.1,2280,60,62,51,52,59,52,52,43,60,53,44,60,51,59,54,48,49
Sherrod Turner,PF,BKN,26,32.74,2279,60,64,59,64,53,49,45,43,49,36,41,42,55,58,57,59,65
Jeff Rogers,SF,LVA,27,20.1,2279,60,61,51,43,59,50,43,47,39,50,55,52,55,64,60,63,58
Shane Sheffield,G,POR,27,50.27,2280,60,60,31,65,91,84,58,40,40,61,67,64,50,44,42,47,37
Anthony Keller,PG,ORL,28,65.43,2280,60,61,31,61,70,72,55,40,47,67,67,52,54,42,71,81,58
Arthur Coughlin,C,VAN,25,22.21,2280,60,63,67,67,37,42,75,50,57,47,54,21,47,81,31,31,67
Sasa Rebic,SF,DET,25,10.91,2279,60,63,42,66,64,52,58,53,54,46,56,60,55,71,31,30,36
Dedrick Pickett,FC,QUE,24,46.1,2281,60,65,53,80,55,47,59,39,66,34,35,19,55,66,42,45,87
Malcolm Wilson,PF,CHA,23,43.78,2282,60,66,56,70,55,59,44,35,55,49,45,57,54,64,32,32,53
David Fernley,GF,ORL,22,17.65,2279,60,65,53,50,78,75,39,54,65,51,49,35,54,39,66,61,42
Patrick Golden,C,QUE,22,7.9,2279,60,70,71,68,46,49,54,54,65,32,42,26,47,77,28,38,69
Roosevelt Dailey,GF,POR,23,16.91,2279,60,65,48,53,71,87,42,41,58,52,63,46,56,46,63,46,47
Lionel Bradley,G,ATL,36,70.12,2279,59,59,29,57,55,30,61,48,50,79,89,93,56,57,51,48,33
Van Bingham,C,LVA,33,10.25,2281,59,59,68,51,23,18,44,51,46,39,42,40,58,82,49,60,79
Seid Ramljak,SG,LAC,31,44.72,2280,59,59,44,47,60,35,41,63,76,67,63,74,55,50,64,50,39
Zoran Vujanic,GF,BKN,28,31.16,2281,59,61,47,44,42,46,70,43,35,55,59,46,55,56,76,81,60
Alex Moser,SF,HOU,28,40.73,2282,59,59,50,53,42,38,49,34,59,46,62,66,57,61,57,59,49
Travian Bigelow,PG,IND,29,39.62,2281,59,59,12,69,71,54,49,61,63,74,79,75,58,49,54,64,51
Paris Miller,F,BKN,26,34.68,2281,59,60,55,43,60,54,36,43,47,59,52,39,50,56,81,60,61
Thomas Tunnell,SF,CLE,24,13.04,2279,59,66,51,58,52,49,65,56,60,42,49,43,73,45,44,56,49
Neil Jackson,F,POR,22,18.4,2280,59,66,58,45,81,86,47,28,34,42,40,39,40,43,58,63,57
Connie Fountain,F,PHI,30,31.59,2281,58,58,53,45,39,49,43,44,50,47,54,62,69,58,53,43,55
Roman Coleman,SG,RAL,31,19.02,2280,58,58,40,50,54,59,41,39,72,63,51,65,51,65,53,42,38
Jared Moore,C,MEM,28,44.95,2282,58,58,68,57,39,32,40,56,42,47,39,45,51,63,50,54,65
Aaron Farlow,GF,NOJ,27,48.52,2279,58,58,46,45,73,57,61,36,49,54,53,63,50,38,56,55,45
Willie Sheppard,SF,UTA,27,29.07,2281,58,60,49,51,69,71,45,38,64,44,54,58,37,54,52,46,49
Lee Nordin,GF,VIR,27,9.68,2279,58,60,46,60,68,71,55,32,58,41,44,46,48,46,59,45,43
Antjuan Korn,PG,SEA,27,35.57,2279,58,58,26,53,61,59,55,43,49,67,49,61,60,46,71,66,50
Mark Tobola,PF,MIL,28,47.73,2280,58,60,62,65,53,23,37,78,72,49,45,46,53,53,45,49,55
Elijah Parish,FC,HAW,23,27.75,2281,58,64,60,61,46,48,47,57,47,36,50,47,51,65,50,35,57
Ahmad Cohen,PF,BOS,23,45.78,2282,58,66,66,37,51,63,47,27,38,50,44,50,58,44,74,52,40
Xavier Hall,SF,PHX,22,15.42,2279,58,67,48,63,58,58,36,32,34,29,43,38,55,62,63,53,37
Thomas Waldrop,F,BOS,23,4.62,2279,58,65,58,42,53,36,35,80,61,45,34,52,64,58,54,44,54
Travon Pope,PG,HOU,21,15.42,2280,58,72,19,64,83,70,49,58,53,60,62,46,47,52,68,56,45
Anthony Green,SF,DET,21,4.62,2280,58,72,50,43,67,62,37,37,50,41,50,54,57,59,48,42,34
Lionel McGee,SF,MIA,21,17.65,2281,58,74,44,63,71,62,48,32,49,44,39,29,44,68,50,40,44
Dorrian Miller,SF,LAL,22,15.42,2281,58,64,53,54,71,61,58,54,61,58,57,48,49,36,52,48,39
Dimitris Schizas,SF,CHA,37,31.52,2281,57,57,60,32,19,31,44,51,38,53,68,71,67,55,66,75,46
Joey Patterson,FC,CHI,31,9.12,2281,57,57,62,41,22,9,50,44,52,47,45,56,65,82,34,52,60
Robert Maric,FC,TOR,30,16.87,2280,57,57,60,65,47,36,47,38,55,46,38,59,47,68,28,34,59
Curtis Connell,FC,CLE,30,32.99,2281,57,57,62,58,37,42,58,62,67,33,32,34,54,60,48,49,65
Chucky Sizemore,GF,LAC,30,32.19,2281,57,57,43,49,62,57,48,38,62,55,51,42,54,52,59,53,53
Pat Starling,SF,HAW,26,42.98,2279,57,57,56,52,77,76,58,35,64,49,46,57,29,37,56,40,34
Garrett Murphy,G,SAS,26,32.17,2280,57,59,31,53,54,63,48,36,25,53,53,50,55,49,81,79,67
Rashad Rivas,PG,PHX,25,35.13,2280,57,60,28,49,69,75,39,46,36,52,55,68,46,54,67,54,44
David Davis Jr.,PG,QUE,26,21.8,2282,57,60,14,49,70,58,70,33,33,45,61,54,60,52,69,74,37
Matt Leonard,GF,LAC,27,14.76,2279,57,59,41,54,54,60,59,41,45,53,43,49,51,60,44,57,50
J.J. Johnson,F,HOU,24,14.24,2281,57,61,46,68,67,63,73,40,47,51,59,36,42,60,29,31,43
Brandon Cotton,SG,MIL,24,5.79,2280,57,61,34,59,61,68,56,38,72,54,31,41,57,59,51,37,36
Austin Carr,C,RAL,24,55.02,2283,57,63,67,64,21,26,46,70,60,47,50,18,61,67,58,55,77
Taylor Koehler,FC,HOU,23,63.51,2282,57,64,61,43,36,29,39,59,39,33,48,52,64,76,40,38,57
Emmanuel Jefferson,PG,LAL,22,7.9,2280,57,69,9,44,80,78,46,56,56,52,69,45,46,65,77,64,30
Marc Jean-Louis,F,PHX,24,7.25,2280,57,60,55,59,55,44,51,66,68,55,47,37,45,55,53,52,48
Michael Washington III,FC,NOJ,33,39.07,2281,56,56,57,47,44,24,59,29,42,35,47,50,44,77,46,36,54
Cory Simmons,SF,PHX,33,4.9,2279,56,56,47,65,49,44,67,51,55,48,53,47,39,59,41,62,56
Simon Lilly,G,SEA,29,6.74,2282,56,56,29,65,72,72,45,47,37,36,20,21,50,58,68,55,39
Josh Scott,SF,PHI,28,25.6,2280,56,57,54,50,67,66,35,43,56,51,61,61,42,41,51,55,53
Lincoln Williams,GF,IND,28,45.1,2279,56,58,42,57,58,59,50,45,61,50,58,58,48,51,52,45,47
Shelton Perales,PG,LAL,28,33.93,2280,56,57,23,43,74,54,45,27,42,67,62,68,58,41,65,70,48
James Parker,SG,IND,29,24.72,2281,56,56,34,67,35,35,57,59,66,58,57,53,69,53,53,50,53
Tyler Greene,GF,DAL,29,12.41,2281,56,56,45,49,66,50,37,33,72,42,46,37,48,51,67,56,56
Emeka Farah,FC,MIL,28,30.07,2281,56,57,62,62,40,36,55,37,49,40,45,37,51,59,51,44,67
Antoine Montgomery,FC,MIN,26,21.02,2280,56,58,64,60,42,50,47,48,49,33,29,38,54,53,48,47,69
Ryan Williams,F,SEA,26,12.76,2280,56,59,58,57,50,65,52,52,57,46,55,54,46,44,49,45,42
Cody Foxworth,SG,DET,27,47.9,2280,56,57,39,47,80,75,63,25,32,49,38,44,38,45,59,67,44
Domagoj Barac,C,CLE,25,51.9,2280,56,58,74,73,28,39,43,60,51,30,30,20,59,62,30,47,74
Michael Taylor,GF,PHI,25,10.83,2281,56,59,43,69,67,62,52,64,67,48,42,52,36,55,46,28,30
Frank Johnston,SG,VAN,25,8.4,2280,56,60,38,45,66,45,71,41,52,43,51,56,60,38,66,46,29
Cal Bruns,SF,LAL,24,47.95,2281,56,62,53,44,66,69,35,26,50,50,59,52,49,51,50,42,34
Brian Dunning,FC,ATL,23,60.18,2282,56,63,63,67,64,48,30,50,47,23,39,31,51,52,45,34,54
Charles Sy III,F,MXC,23,52.7,2282,56,62,48,59,65,66,59,33,50,42,46,58,30,69,27,23,57
Louis Weatherspoon,F,MIL,24,43.72,2282,56,62,55,35,47,49,58,20,37,44,45,62,40,70,46,50,43
Marcus Jenkins,SF,ATL,25,8.89,2279,56,59,50,60,52,60,38,44,65,45,52,61,39,58,56,43,41
Rashard Poehlmann,SF,MIL,21,17.65,2280,56,68,51,41,78,79,38,45,28,23,37,36,45,48,55,57,43
Blake Harris,SG,ATL,21,9.22,2280,56,66,44,56,78,74,34,43,56,60,48,64,37,39,58,47,40
Malcolm Abt,PG,CLE,21,9.87,2280,56,68,28,35,80,81,44,30,30,59,58,79,42,48,53,59,19
Jonathan Keck,C,UTA,32,26.46,2279,55,55,64,60,29,13,63,53,45,40,36,27,65,64,35,37,71
Patrick Lewis,C,SAC,33,6.31,2279,55,55,85,57,33,17,33,36,42,37,38,55,45,63,36,32,72
Reid Karlin,PG,UTA,31,15.53,2281,55,55,22,42,61,66,50,26,57,52,66,35,54,58,73,71,39
József Balogh,PG,TOR,29,11.2,2279,55,55,27,48,79,71,54,21,21,40,38,56,37,56,53,62,38
Roberto Saez,PG,TOR,29,20.17,2280,55,55,18,71,70,79,57,45,53,47,55,32,40,61,56,48,41
Jake Horton,GF,RAL,28,27.87,2279,55,55,41,54,71,54,53,41,54,35,35,39,47,53,55,41,50
Caleb Sigler,SF,BKN,29,4.93,2281,55,55,49,42,53,49,39,36,54,52,53,62,50,47,66,48,57
Colby Spurgeon,PG,SAC,28,39.78,2281,55,55,25,42,66,57,53,39,37,57,54,63,50,36,76,86,60
C.J. Jones,FC,MXC,28,35.03,2280,55,57,61,64,42,43,54,71,60,41,38,33,53,49,46,47,67
Adam Ali,G,VAN,30,41.52,2279,55,55,33,56,65,61,49,27,49,58,60,74,45,43,54,49,33
Josh Stevens,PG,GSW,27,29.18,2281,55,57,14,57,61,57,48,50,63,58,63,62,45,63,62,57,46
Clay DeLuca,GF,SAC,25,37.88,2280,55,57,45,54,71,63,49,37,52,56,61,59,43,39,57,41,36
Bryan Mays,PF,MIA,22,6.59,2279,55,67,59,64,36,45,27,53,61,30,30,37,48,62,52,57,72
Victor Besnard,PF,CLE,22,35.33,2281,55,63,64,60,57,62,45,60,76,28,26,34,39,48,44,40,55
Hiram Rosenberg,FC,NYK,22,7.25,2281,55,63,56,50,36,40,49,40,34,30,47,50,55,71,32,42,68
JJ Lewis Jr.,F,SAS,36,15.55,2280,54,54,54,54,28,12,45,21,42,59,56,66,49,68,52,54,42
Devon Daniels,PG,PHX,31,8.39,2281,54,54,26,30,57,58,48,43,32,52,73,64,50,56,73,66,31
Kyle Evans,GF,VAN,30,8.5,2281,54,54,43,51,53,61,47,46,45,57,62,55,51,47,57,39,36
Terrance Tereshinski,PF,ATL,28,15.89,2279,54,54,55,65,38,13,56,51,70,35,43,39,59,44,57,52,66
Andrew McCray,F,DEN,28,14.22,2280,54,54,49,59,54,52,59,28,55,44,57,50,42,45,56,42,50
Terrence Tyson,PF,SAS,30,14.35,2281,54,54,56,60,37,23,41,48,63,48,52,54,47,54,54,54,68
Ryan Gray,PF,MEM,27,27.73,2281,54,54,59,68,49,51,52,43,55,41,42,40,43,40,46,50,62
Devin Williams,SF,LVA,30,15.8,2281,54,54,46,47,65,46,42,41,43,59,61,54,49,44,57,46,51
Willie Humphrey,C,DET,27,35.91,2282,54,55,68,66,43,36,43,39,54,36,36,46,52,41,39,46,62
Mario Rubio,G,TOR,37,6.01,2281,53,53,30,39,37,23,51,39,44,52,42,44,64,69,70,66,34
Pavel Dvořák,PF,POR,33,21.59,2280,53,53,52,52,25,13,29,69,55,50,62,57,51,68,55,54,83
Josh Cavanaugh,PF,PHX,32,6.35,2280,53,53,61,51,31,16,48,43,43,38,35,51,52,59,47,57,59
Darrin Howard,SF,POR,32,14.45,2279,53,53,45,61,23,22,52,49,38,48,44,60,66,57,52,50,55
Scott Welch,SF,DEN,30,2,2279,53,53,46,49,44,41,44,29,28,58,68,68,55,50,45,49,60
Mike Glover,PG,IND,28,10.62,2280,53,55,28,52,53,61,51,45,73,40,48,37,54,50,66,55,50
Josh Peterson,SG,BOS,28,31.76,2281,53,54,34,52,45,41,56,42,60,53,44,51,62,58,43,42,42
Logan Welch,PG,CHI,30,5.33,2281,53,53,16,50,58,56,57,45,51,65,60,64,55,40,70,66,52
Gert Nyberg,F,VIR,25,54.23,2281,53,54,61,47,48,50,37,33,38,38,40,35,54,44,63,55,37
Kyle Robinson,C,HAW,25,5.39,2280,53,56,70,53,31,39,54,34,34,28,27,28,58,61,34,40,56
Chris Lyles,SF,LAL,27,5.03,2279,53,56,49,47,67,50,32,41,48,48,68,58,42,55,42,34,35
Justin Barnes,PF,DEN,23,3.85,2280,53,58,64,59,31,33,43,72,55,35,42,30,51,51,53,62,48
D.J. Bates,SG,UTA,24,4.06,2280,53,59,35,52,63,60,43,54,62,56,60,64,48,49,44,29,34
Quinn Hoggins,PG,CHA,24,13.93,2279,53,59,34,39,75,72,45,39,42,51,61,59,34,39,66,67,45
Jose Rios,SG,DET,31,26.01,2279,52,52,43,28,50,23,52,48,48,56,41,40,59,45,80,73,36
Kyle Lynch,SF,VIR,31,3.68,2281,52,52,54,47,60,54,49,20,40,53,40,70,29,49,48,43,30
Connor White,FC,TOR,32,12.63,2281,52,52,64,47,29,14,39,64,53,46,34,32,40,75,49,55,67
Kyle Callahan,F,NOJ,31,4.99,2281,52,52,49,45,40,20,49,40,30,42,58,56,59,62,47,41,34
Jared Mitchell,PF,SAS,29,6.62,2280,52,52,60,55,34,13,38,51,39,37,33,40,58,49,64,63,50
William Heath,FC,BOS,29,10.88,2279,52,52,61,53,38,46,48,21,41,50,42,32,50,62,36,41,62
Todd Richard,G,SAS,28,23.36,2280,52,53,33,49,67,53,47,32,42,32,35,35,55,47,55,65,47
Zaqueu Lacerda,F,POR,29,2,2281,52,52,54,54,54,50,39,35,55,50,49,60,40,43,54,39,48
Larry Johnson,PG,BOS,30,4.9,2280,52,52,17,46,50,49,42,53,44,65,68,58,58,54,67,68,58
Myles Hill,PG,NOJ,26,8.5,2281,52,56,31,40,55,58,42,45,34,57,45,54,50,47,77,68,44
Dimitri Holmes,PG,GSW,28,24.78,2279,52,52,24,38,60,48,40,48,27,63,60,47,56,55,78,61,46
Travis Browne,SG,SEA,24,5.45,2279,52,58,36,51,50,50,45,46,59,48,53,44,43,63,62,39,43
Jacoby Mixon,PF,SEA,23,11.96,2281,52,61,60,51,59,65,37,29,42,45,43,48,37,50,40,34,50
Kenney Braun,PG,RAL,25,6.92,2279,52,56,26,47,53,47,55,51,60,53,64,51,50,57,58,50,38
Aron Brown,PF,VIR,21,16.91,2281,52,68,61,53,57,53,38,34,53,43,48,41,41,54,34,35,44
Brandon Oliver,SF,MXC,21,9.22,2281,52,69,47,50,59,79,42,32,50,53,59,59,46,40,45,30,52
Mario Person,PF,CLE,37,2,2280,51,51,61,57,6,0,30,59,62,21,57,53,49,73,60,57,63
Chandler Livingston,PG,NYK,37,33.77,2279,51,51,28,36,41,22,15,43,25,67,76,73,66,49,85,84,40
Ben Holliday,PF,MIA,34,67.59,2279,51,51,60,64,18,17,35,40,49,33,37,45,55,61,54,54,45
Brody Coles,SF,BOS,32,3.57,2279,51,51,39,64,45,26,36,43,46,34,47,66,43,69,45,36,51
Kyle Atkinson,SF,LVA,28,19.93,2281,51,53,49,43,44,45,37,36,47,67,60,56,44,53,54,50,50
Matt Williams,GF,NYK,28,4.49,2280,51,54,39,50,75,58,40,30,48,53,64,51,42,41,53,43,47
Malik Powell,GF,UTA,27,24.5,2281,51,54,42,48,67,79,56,31,62,42,45,46,46,33,45,41,40
Brendan Barrow,PF,LAC,26,8.82,2279,51,55,60,67,49,49,34,44,51,39,39,45,47,38,44,43,56
Paul McMahon,FC,PHX,25,30.23,2280,51,56,63,48,49,45,64,34,48,26,25,46,37,58,32,29,38
Connor Norris,F,BKN,26,13.93,2279,51,55,62,32,63,64,44,43,38,49,41,31,37,35,62,64,47
Cody Rock,F,POR,26,20.38,2281,51,54,57,35,46,33,31,36,31,47,50,44,61,48,59,54,30
D.J. Cooper,SF,ATL,25,23.48,2281,51,55,44,58,58,60,38,33,47,36,39,29,45,58,42,47,55
Daniel Higgins,GF,MEM,26,8.98,2280,51,54,41,60,47,47,54,51,54,31,49,51,41,48,59,50,54
Jim Carroll,PF,CLE,24,37.1,2282,51,56,59,47,71,72,56,27,25,38,42,39,36,42,33,40,44
Rex Hemphill,SF,ORL,25,2.3,2279,51,55,46,55,67,51,53,35,54,40,43,28,43,55,30,36,48
Matthew Jones,FC,GSW,22,5.61,2279,51,61,61,70,55,39,45,53,45,36,43,33,45,49,24,34,54
Edwin Finnerty,C,MIN,24,20.13,2281,51,58,66,55,36,47,68,47,36,42,34,28,52,50,29,39,46
Joey Burrows,C,CHI,23,6.59,2280,51,60,84,51,32,38,40,40,33,37,30,22,44,55,43,42,59
Kody Burrell,PG,GSW,23,12.44,2280,51,58,21,28,52,46,39,47,40,61,55,59,55,61,74,65,39
Goran Nadjfeji,PG,SAS,34,5.88,2280,50,50,29,34,31,45,44,29,40,59,54,53,57,63,70,72,38
Leroy Green,SG,MEM,32,2,2279,50,50,38,43,26,10,41,47,46,56,63,58,72,57,59,55,38
Elijah Williams,PF,MIN,32,2,2281,50,50,57,45,37,2,24,71,47,40,62,65,45,71,45,34,49
Ryan Render,SF,DET,33,2,2280,50,50,45,48,42,31,27,43,53,62,56,57,55,65,36,39,36
James Williams,F,MEM,29,2.07,2279,50,50,57,43,44,39,48,46,49,28,49,41,59,41,48,54,46
Ricmonds Strelnieks,FC,MEM,29,31.18,2279,50,50,64,50,29,46,40,50,54,33,52,31,64,41,60,38,55
Atakan Bolat,FC,QUE,28,29.89,2281,50,50,65,66,40,35,37,40,58,37,46,44,39,45,49,47,57
Earl Barker,SF,QUE,28,7.84,2280,50,53,52,38,57,50,41,37,40,55,38,49,46,41,61,47,40
Sean Davis,SF,UTA,27,2.06,2279,50,52,46,52,47,44,46,41,49,32,32,34,53,51,50,56,67
Clayton Felder,FC,HAW,27,10.51,2281,50,52,68,49,44,37,44,56,57,23,19,24,43,48,43,60,61
Billy Tremel,C,MXC,26,13.15,2279,50,55,71,55,39,36,52,64,54,29,38,39,49,45,29,36,42
Mike Thompson,PG,MIA,27,26.69,2279,50,54,25,48,65,65,49,35,32,43,50,44,50,42,66,67,49
Terence Collier,PF,VIR,24,11.26,2280,50,57,56,55,62,66,46,28,36,35,38,30,47,43,43,34,39
Terrence Bowden,PG,SAC,24,24.61,2280,50,56,21,39,78,67,50,28,24,24,46,38,53,45,64,67,28
Oscar Flores,PG,SEA,23,17.3,2281,50,58,28,40,57,70,37,15,12,58,59,58,43,61,55,62,31
Barron Henry,PG,MIN,23,38.4,2281,50,58,34,40,71,86,34,27,18,41,50,55,41,46,52,58,24
Steven Bigham,SF,VIR,22,14.67,2279,50,63,53,40,67,61,31,45,67,25,42,51,34,50,54,28,35
Reggie Bailey,F,SAS,22,7.58,2279,50,64,58,37,63,50,40,24,46,35,35,38,57,33,52,48,39
Hale Bowman,SG,VAN,21,9.54,2280,50,66,40,40,61,64,41,23,36,45,47,62,36,53,46,51,36
Miles Harrison,C,NYK,22,4.3,2280,50,59,72,53,24,26,27,61,37,38,25,20,47,61,55,61,80
Jacques Smith,SF,RAL,20,16.16,2281,50,66,58,59,94,89,25,33,48,33,39,26,20,21,56,60,45
Andrew Jackson,F,BKN,30,2,2279,49,49,55,52,24,18,29,30,31,28,25,39,68,56,58,64,42
Sambou Schmitt,F,DP,21,2,2271,49,67,47,64,39,50,40,53,51,29,42,45,52,54,29,43,68
Landon Ellis,PF,MEM,29,2,2280,49,49,55,70,48,43,49,49,62,43,40,38,37,50,37,32,57
Zander Harvey,GF,SAC,29,5.39,2281,49,49,40,37,35,36,34,47,45,58,61,55,57,57,65,52,56
Jack Christian,SF,DEN,29,2.06,2281,49,49,52,47,61,56,48,37,51,47,42,49,35,44,40,42,33
Hans Martin,F,VAN,27,35.56,2280,49,49,54,50,42,36,36,40,55,45,44,50,55,42,51,46,50
Kareem Dodd,PG,PHI,26,45.47,2279,49,54,18,38,58,55,45,47,32,45,47,60,60,45,67,64,45
Arturs Porzingis,F,MIL,26,3.61,2280,49,53,51,61,65,66,46,47,67,33,33,19,32,45,48,41,52
Brad Moses,PF,TOR,26,11.19,2279,49,53,61,55,45,39,25,47,38,30,46,41,40,62,39,41,45
Demetrius Hicks,SG,MIN,25,4.18,2280,49,54,41,43,48,49,34,23,38,39,40,55,56,49,60,50,30
Layton Davis,PG,QUE,24,17.63,2281,49,56,30,43,74,75,52,34,38,43,48,31,48,44,49,55,18
Devan Miller,GF,HAW,24,2,2279,49,56,39,57,38,35,58,53,42,30,52,55,38,58,57,53,59
Anthony Bentler,SF,MEM,24,3.16,2280,49,56,48,41,54,46,62,19,32,37,44,59,27,56,50,49,34
Jon Knox,F,NYK,22,8.23,2279,49,60,56,47,32,51,31,25,36,31,34,48,54,52,54,55,38
Cody LeGrand,PG,VAN,22,2.98,2279,49,62,24,39,65,56,44,26,27,35,43,55,45,54,71,59,31
Oliver Williams,PF,DAL,25,2.55,2280,49,52,62,39,51,37,37,30,67,37,24,20,53,39,60,58,57
Damon Hopkins,F,GSW,21,2,2279,49,65,55,43,52,66,31,31,51,54,59,48,47,36,63,37,42
Antonio Grady,G,TOR,22,8.56,2280,49,62,33,32,82,84,47,24,24,52,47,61,32,41,54,47,29
Brad Howard Jr.,SF,MIA,23,11.69,2280,49,59,49,44,66,54,44,28,52,37,43,52,37,44,42,41,57
Anthony Nance,SG,VAN,21,18.4,2281,49,65,40,40,78,54,25,22,38,30,32,33,47,45,59,60,41
Demetrious Hawkins,GF,PHI,22,10.95,2281,49,60,45,38,72,68,43,30,41,49,55,59,35,33,57,50,44
Lamont Bryant,C,SAC,35,6.16,2279,48,48,68,50,5,10,21,61,43,48,31,32,55,62,60,70,74
Kyle Wilkerson,SG,SAC,35,6.42,2281,48,48,37,44,31,8,34,46,15,44,58,65,45,68,75,68,40
David Adebayo,PG,MXC,32,2.06,2281,48,48,28,58,50,40,35,49,28,53,35,41,58,53,63,59,26
Conner Hass,F,RAL,31,2,2280,48,48,55,34,33,19,39,26,39,56,55,59,64,51,43,46,42
Abraham Faulkner,SG,LAC,29,12.71,2280,48,48,36,52,47,28,45,49,51,27,31,53,45,60,47,53,41
Ramon Gonzalez,SF,BOS,29,19.02,2281,48,48,54,32,41,35,33,31,26,46,59,69,55,38,61,58,34
Mike Willis,F,DP,21,2,2271,48,62,55,43,60,51,36,28,39,43,41,31,43,50,47,43,49
Rudolf Klein,F,SAC,28,8.22,2281,48,51,58,48,58,42,30,32,44,44,44,41,34,47,58,45,36
J'Marcus Porter,PG,DEN,29,2,2280,48,48,20,46,53,62,57,29,38,38,51,54,52,45,66,59,46
Carl Feagin,SF,LAL,26,9.57,2281,48,52,43,62,41,43,43,53,57,37,35,29,58,47,45,50,61
Zach Young,SF,LAC,27,15.09,2281,48,50,50,53,50,56,52,39,63,60,52,63,30,42,40,40,45
Demetrius Sandy,SF,TOR,27,2,2280,48,49,50,47,39,44,51,42,50,59,61,51,41,46,50,53,51
Darius Watson,SG,ATL,25,10.28,2279,48,52,42,42,68,59,32,35,55,41,38,50,43,46,47,40,29
Jesse McCoy,PG,UTA,27,20.92,2280,48,50,28,38,79,68,31,45,42,28,32,43,39,43,75,56,33
Karl Bengtsson,FC,NOJ,24,2,2279,48,51,58,52,51,49,55,29,39,44,57,35,34,53,32,37,58
Joel Erickson,PG,HOU,27,2,2280,48,49,24,38,89,80,61,29,29,54,63,70,39,20,54,50,30
Bakari McNeil,SG,HOU,23,2,2279,48,57,37,48,66,56,39,29,42,48,58,66,41,38,59,39,32
Quan Bagley,F,BKN,24,2.11,2279,48,55,61,42,44,45,45,59,56,30,50,35,35,53,48,44,40
Cameron Richie,PF,MXC,24,2,2280,48,55,59,51,43,41,39,47,52,39,48,50,40,45,49,41,58
Joe Bowden,PF,MXC,21,13.93,2280,48,65,58,53,43,42,47,19,37,28,29,45,34,54,44,55,64
Malcolm Bowie,C,SEA,21,10.95,2280,48,65,96,69,38,43,33,61,37,19,21,10,42,34,39,37,54
Caden Farrar,C,CHA,22,10.2,2280,48,60,68,69,40,41,28,53,46,24,30,18,40,55,39,42,59
De'Andre Williams,C,MEM,21,2,2280,48,60,65,56,40,29,29,50,50,41,28,27,38,63,38,42,65
Chad Hinkle,C,VAN,33,2,2279,47,47,67,62,15,3,30,59,51,31,39,50,42,74,36,32,58
Gerron Friend,PF,ORL,31,2.71,2280,47,47,52,57,57,48,54,23,57,48,38,31,44,50,25,22,51
Clint Snodgrass,C,QUE,33,22.45,2279,47,47,68,58,27,10,42,45,63,34,21,26,48,55,52,39,83
Steven Brown,SF,MXC,29,2,2280,47,47,46,59,46,41,34,48,66,44,42,26,44,61,44,37,31
Chike Coleman,F,CHA,30,2.25,2281,47,47,50,42,48,47,36,32,50,49,46,43,46,46,61,40,54
Tony Alexander,GF,UTA,27,3.3,2280,47,50,44,40,50,59,41,30,50,47,51,54,47,41,50,46,50
Anthony Allen,C,BOS,27,2.94,2281,47,50,73,63,46,40,55,62,56,31,33,34,28,42,30,35,55
Khaliq Richardson IV,C,CHI,28,11.17,2280,47,50,83,48,33,40,37,52,39,17,19,20,40,49,48,42,61
Tyler Lester,SF,SEA,26,2.26,2281,47,51,51,47,50,64,47,34,53,46,57,39,38,40,50,48,43
Kyle Wimberly,F,MIN,26,6.16,2281,47,51,54,45,54,57,45,34,48,45,49,41,45,40,49,34,37
Anton Moroz,PF,MXC,27,2,2280,47,48,60,67,50,43,46,49,55,35,43,34,41,39,38,34,41
Mario Sacchetti,G,DET,28,2,2280,47,50,32,38,76,68,55,24,37,44,42,47,39,36,50,58,38
Alexandros Bakogiannis,C,POR,25,32.39,2279,47,54,78,51,45,40,42,42,43,25,41,46,54,26,27,39,25
Gerardo Llull,F,ORL,28,2,2279,47,47,49,44,22,18,37,58,26,53,54,58,56,66,53,37,43
David Anderson,PG,LAL,24,2,2279,47,55,14,48,66,62,66,35,36,41,54,43,48,41,66,63,23
Matt Ward,C,CHI,23,28.75,2281,47,55,70,50,37,34,37,60,34,33,27,32,50,46,39,44,45
Jeff Marks,SF,MIA,23,9.27,2280,47,55,57,38,52,54,27,25,24,58,48,60,48,35,51,52,27
Jonathan Bernard,PF,PHI,22,10.95,2279,47,59,65,47,49,42,33,47,41,31,42,35,57,34,43,47,41
Darell Martin,SF,QUE,35,4.71,2279,46,46,55,36,34,13,38,51,43,49,60,65,40,57,59,42,26
Will Jackson,PG,MEM,32,5.07,2281,46,46,18,38,65,53,39,37,26,44,57,58,43,42,82,73,39
Austin Coutee,PG,DEN,31,3.71,2280,46,46,35,27,58,44,34,36,38,38,58,52,47,51,56,64,27
Jesse Palmer,F,MIN,28,24.67,2280,46,48,52,48,35,28,45,54,52,44,44,49,45,57,39,40,50
Tariq Roux,SF,DET,30,2,2280,46,46,48,39,43,44,43,35,46,35,31,32,55,47,56,53,40
Geno McClendon,F,NYK,26,3.95,2281,46,47,58,37,46,45,33,31,43,53,47,36,39,45,65,52,43
Julius Collins,SF,NOJ,27,22.82,2281,46,49,49,46,51,47,33,26,48,48,43,54,47,36,62,44,43
George Hackett,PG,LAL,29,2,2279,46,46,17,48,55,53,48,40,37,52,46,56,54,46,51,63,40
Justin Dupree,SG,CHA,29,2,2280,46,46,35,43,63,46,47,33,53,49,58,53,37,43,55,45,48
Charles Taylor,GF,VAN,24,25.61,2279,46,55,40,56,50,48,48,35,57,40,67,40,43,39,54,57,57
David Bender,GF,LAL,25,11.48,2281,46,49,45,41,53,57,38,24,55,49,36,58,41,50,38,34,26
Drew Sargent,PG,CHI,23,9.54,2279,46,57,15,46,80,80,44,40,32,55,56,49,35,46,57,49,31
Warren Barre,F,BKN,23,9.22,2279,46,56,54,50,63,66,34,22,50,34,48,48,44,28,53,33,30
Mindaugas Zukauskas,SF,VIR,21,16.16,2280,46,59,48,44,69,62,28,32,45,34,50,45,34,50,44,30,29
Stratos Pavlidis,PG,SEA,42,4.69,2279,45,45,27,29,4,0,0,27,16,63,75,79,71,70,91,85,44
José Antônio Cardoso,GF,DP,20,2,2271,45,65,57,35,83,81,29,41,32,34,36,22,24,27,55,70,38
Justin Willis,F,ATL,29,2,2280,45,45,51,40,38,30,33,40,47,58,57,55,49,48,55,38,43
Jordan McMeans,PG,ATL,27,4.63,2281,45,46,22,43,46,50,33,27,44,70,58,59,47,42,73,71,52
Jacob Elliot,FC,BKN,28,8.14,2280,45,45,63,58,48,47,55,39,54,36,31,30,32,44,32,38,41
Clint Weisman,PF,DAL,26,19.74,2280,45,49,60,43,38,33,37,43,45,41,35,26,45,52,50,51,62
Milenko Dubljevic,SG,BKN,27,2,2279,45,45,39,53,57,57,48,41,65,63,66,54,39,38,35,34,34
Guy Tumba,F,GSW,27,7.89,2280,45,49,53,54,66,62,44,35,47,34,32,41,31,44,33,26,23
Christopher Mike,C,DEN,24,6.85,2280,45,56,67,66,67,68,42,28,48,41,42,13,28,41,23,20,29
Alex Porebski,SG,SEA,25,3.21,2279,45,50,36,30,50,52,29,30,31,51,52,68,49,55,57,29,34
Eric Wheaton,PG,MIA,23,2.06,2280,45,54,31,30,84,70,49,32,35,41,43,40,37,32,58,58,29
Mike Meyer,FC,PHX,25,2,2279,45,50,61,70,38,38,54,47,42,30,27,26,32,50,32,44,60
Marius Serapinas,PF,MIN,23,2.61,2280,45,56,61,29,36,42,52,31,36,46,40,54,48,44,34,44,59
Deon Orne,F,SAC,25,2.07,2279,45,48,59,31,55,53,39,56,56,42,45,52,33,33,63,42,38
Armand Kish,C,BOS,21,2.98,2280,45,57,69,68,59,61,38,49,58,24,22,18,25,36,40,33,58
Urs Hug,PG,MEM,21,4.95,2281,45,60,30,39,65,56,25,28,26,54,59,62,28,52,62,58,37
Drew Tunnell,PF,GSW,23,2,2280,45,56,60,47,53,40,21,32,32,27,46,43,28,66,32,37,50
Dejan Berisha,F,VIR,37,2.98,2280,44,44,56,47,28,13,26,49,49,61,67,63,45,52,58,35,29
Lewis Wells,SG,RAL,30,13.13,2280,44,44,42,33,60,44,37,44,48,41,56,65,40,35,60,43,40
Tyler Irvin Jr.,G,LVA,30,4.82,2279,44,44,31,30,44,42,48,38,28,55,71,56,44,50,65,63,47
Oudoa Mokonzo,C,QUE,31,5.61,2281,44,44,64,36,34,15,39,61,39,32,34,29,44,55,54,46,74
Quinton Gallagher,PG,FA,29,2,2279,44,44,27,35,65,57,34,26,27,65,51,57,42,36,71,58,53
Marko Covic,GF,DAL,26,5.81,2281,44,49,43,47,49,50,46,41,45,29,23,25,44,45,62,52,49
Tyler Wolf,F,LVA,27,7.59,2279,44,45,54,49,46,47,30,30,53,60,60,57,38,40,46,34,48
Darius Washington,SG,POR,28,34.63,2279,44,44,39,45,64,45,37,37,53,28,41,41,57,29,56,49,43
Jordan Kemp,F,SAS,24,2.22,2279,44,54,52,29,50,47,35,19,21,59,49,67,48,37,48,43,42
Alex Sanders,FC,SEA,24,3.83,2279,44,52,62,56,50,50,68,48,45,30,31,24,24,48,24,35,54
Carlton Plumlee,GF,SAS,24,14.96,2279,44,50,49,51,61,64,46,23,63,35,22,16,37,36,59,48,24
Joey Richardson,PF,MEM,27,11.22,2281,44,44,58,36,49,50,46,41,45,36,56,30,52,38,53,28,34
Dusan Božović,GF,ATL,25,2,2280,44,48,39,44,48,48,49,31,32,49,33,25,50,55,47,46,45
Jordan Wood,F,NOJ,22,3.64,2279,44,57,55,43,52,50,45,35,51,37,35,44,45,41,32,33,34
Marshall Ostrom,GF,BKN,24,2.03,2280,44,52,49,40,62,54,45,63,54,43,49,42,44,27,51,38,32
Quintin Johnson,F,POR,21,2,2279,44,60,52,51,50,52,34,67,46,19,34,25,37,48,44,55,65
Isaiah Salvi,PF,IND,31,2.65,2279,43,43,50,29,34,21,61,17,46,49,50,63,50,64,21,19,40
Evan Thompson,SF,UTA,29,12.75,2280,43,43,47,48,46,47,36,46,58,46,60,34,37,58,38,33,30
Chase Smith,SG,DP,20,2,2271,43,68,39,46,71,75,29,27,54,24,36,33,43,31,63,40,42
Ryan McKee,PF,LAC,28,2,2280,43,44,57,43,33,29,46,40,42,51,48,48,42,44,51,42,44
Dinar Sokolov,GF,NYK,29,2,2280,43,43,46,45,44,47,21,27,54,43,44,58,44,44,51,42,36
Pierre Grondin,F,ORL,30,2,2280,43,43,50,46,48,22,25,18,38,42,43,42,46,47,58,49,44
Brandon O'Brien,SF,LAL,27,2,2279,43,45,40,53,38,39,33,62,50,31,32,31,51,52,43,52,72
Jakub Wasilewski,PG,DEN,27,2,2279,43,44,23,48,68,63,29,25,35,27,22,35,49,38,61,69,42
Brandon Madison,F,ATL,26,2,2279,43,48,48,51,38,40,37,76,45,35,29,26,44,51,47,50,72
Felix Issa,FC,RAL,27,25.27,2280,43,46,64,51,27,27,34,38,54,26,33,36,45,56,35,38,50
Billy Metz,FC,MEM,27,5.32,2279,43,46,65,49,44,48,54,56,56,26,36,25,39,36,35,37,50
Brandon Keeling,PG,DET,24,5.22,2279,43,50,29,34,58,55,38,9,12,42,53,60,44,53,51,48,13
Travis Witten,F,ORL,25,14.33,2280,43,48,56,41,38,44,29,39,53,25,28,41,59,35,53,42,41
Terrance Breslin,F,GSW,25,3.04,2280,43,47,55,43,57,55,52,48,71,56,57,33,34,36,38,28,36
Louis Taylor,SG,VAN,27,2,2279,43,46,37,42,37,35,29,36,21,28,43,45,47,61,58,63,46
Malcolm Douglas,SG,MXC,23,7.44,2280,43,59,41,46,76,57,25,33,45,30,45,53,40,30,53,37,26
Jared Stafford,F,MIN,22,2.33,2279,43,58,58,55,57,54,44,45,52,42,49,63,26,34,34,23,26
Keith Schofield,PF,SAC,21,5.28,2280,43,60,55,50,60,56,30,25,45,33,27,44,26,50,35,31,53
Jessie LaBarbera,GF,MIA,23,2,2279,43,52,47,47,46,49,38,47,54,52,56,51,51,36,46,31,20
Bret Harper,C,LAC,23,2.33,2280,43,53,71,42,31,34,36,51,28,29,42,39,42,52,34,37,48
Aaron Simmons,PF,ATL,20,9.54,2281,43,63,60,30,45,38,29,59,43,38,41,26,42,55,47,40,56
Tahj Healy,F,LAC,36,2,2280,42,42,55,40,11,21,43,50,42,47,38,46,63,56,45,37,34
Richard Gomez,SG,DAL,32,37.84,2279,42,42,41,19,40,10,7,28,25,60,43,51,64,47,79,74,39
Djibril Coulibaly,C,HOU,32,2,2280,42,42,68,60,11,7,43,67,38,30,47,47,47,57,22,40,60
Dalton Thompson,PG,IND,32,2,2280,42,42,14,55,66,47,49,42,25,50,43,28,52,37,61,67,38
Marino Sanchez,C,FA,35,2,2279,42,42,80,63,0,0,28,69,52,38,61,24,42,62,41,39,65
Frederic Dia,SG,FA,31,2,2279,42,42,34,39,40,28,41,42,42,59,66,68,46,55,48,34,34
Marvin Granier,C,VAN,32,2.04,2280,42,42,68,52,18,6,23,39,42,26,45,36,48,62,31,50,73
Thad Spurrier,C,HAW,31,11.78,2279,42,42,80,40,26,11,17,61,45,27,33,37,34,53,45,55,61
Eric Lopes,PG,DP,19,2,2271,42,67,32,38,80,87,24,15,20,49,48,52,38,23,56,59,23
Devan Albury,G,DP,19,2,2271,42,72,39,48,80,70,33,39,33,35,33,28,22,38,62,54,25
Florian Gaudin,F,DP,21,2,2271,42,54,52,47,49,36,42,66,40,34,39,27,36,52,35,46,67
Sean Shaw,PF,UTA,28,3.03,2279,42,42,61,52,37,43,27,60,55,27,41,40,32,51,39,35,54
Martynas Dumbliauskas,FC,MEM,25,22.82,2279,42,46,67,38,52,48,40,28,37,35,36,27,25,50,33,44,49
Turner Guevara,C,DET,25,2,2280,42,44,61,65,30,24,55,35,54,22,25,16,44,52,28,40,61
Gerry Veal,G,CHI,23,2,2280,42,54,33,47,57,60,38,28,20,35,40,51,27,56,52,45,25
Joseph Armstrong,F,DET,25,2.01,2280,42,46,60,43,39,34,36,24,24,44,55,58,38,43,45,43,16
Tyler Byrne,F,MEM,22,19.55,2280,42,53,59,44,63,65,31,33,48,49,55,60,26,19,55,35,32
Bud Hampton,SF,MIL,22,25.08,2280,42,58,46,49,59,57,47,25,30,20,28,22,36,46,42,47,50
Kenneth Gentile,GF,SEA,23,12.44,2279,42,49,39,50,62,66,40,23,39,53,47,45,41,36,41,35,26
Garrett Johns,FC,SAC,23,7.25,2279,42,53,65,44,43,39,59,39,49,32,24,22,35,48,27,37,43
David Ensminger,PF,RAL,22,2,2279,42,55,52,52,30,39,40,32,47,46,30,30,53,48,36,43,59
Evan McLaughlin,GF,PHI,24,2.42,2279,42,50,50,41,65,57,29,24,55,33,30,27,37,31,58,59,33
Jules Martineau,PF,IND,20,12.44,2281,42,64,64,57,51,51,21,57,56,17,35,39,27,34,53,43,42
Nicolo Marino,GF,LVA,20,10.2,2281,42,63,45,37,67,57,35,26,49,40,30,50,28,42,48,42,38
Jack Bradley,G,GSW,22,13.18,2281,42,58,34,33,65,70,37,31,35,52,58,35,37,48,46,49,24
Jarrod Blanchard,GF,PHI,33,8.89,2280,41,41,49,35,32,13,11,54,56,52,58,59,46,45,70,56,43
Jordan Taylor,SF,PHX,32,4.9,2280,41,41,49,31,44,56,44,41,59,27,32,24,48,46,48,40,39
Kishawn Meyer,C,ORL,31,2,2279,41,41,65,47,30,17,28,50,25,30,23,23,53,53,34,54,67
Jordan Artz,C,CHI,32,8.4,2279,41,41,62,60,26,8,30,47,52,33,49,20,62,46,49,32,47
Nikolozi Mamedov,FC,FA,33,2,2279,41,41,68,36,17,19,32,59,68,41,37,30,45,51,53,43,58
Charles Goins,GF,VIR,29,3.38,2280,41,41,39,52,58,52,42,34,46,25,28,27,48,41,48,37,47
Matthew Crudup,GF,CLE,27,2.25,2279,41,45,42,39,49,51,34,15,41,35,29,32,54,40,51,49,54
Johnny Montgomery,PG,FA,28,2,2279,41,42,26,45,72,64,45,24,36,56,59,63,34,30,49,47,36
Matthew Moore,PG,VIR,26,3.94,2279,41,47,32,24,36,33,30,38,21,39,40,50,62,42,68,87,47
Hadrian Morgado,FC,CHA,28,2,2280,41,42,65,53,36,36,43,49,52,21,21,21,41,44,39,43,48
Rusty Roberts,SF,POR,24,3.7,2280,41,51,40,48,73,72,44,22,40,27,31,30,34,37,44,31,52
Mike Ferguson,GF,QUE,25,2,2279,41,47,39,30,51,55,42,29,38,33,43,50,50,42,63,28,30
Ryan Thibault,F,FA,27,2,2279,41,42,54,40,45,57,49,21,32,35,41,45,50,39,32,26,30
Gary Latham,F,LAC,23,2.42,2279,41,53,55,35,44,34,42,21,25,20,29,27,57,37,57,56,28
Hendrik de Groot,PG,UTA,24,4.68,2279,41,46,23,38,64,60,55,39,32,38,51,22,41,51,59,43,35
Evan Lipp,FC,PHI,22,4.95,2279,41,56,64,67,29,41,29,65,58,24,19,18,32,51,36,48,53
Skylar Kaplan,F,RAL,21,8.89,2280,41,61,58,47,49,44,32,35,44,28,37,33,46,36,47,40,35
D'Angelo Jones,PG,UTA,21,13.18,2280,41,59,24,32,71,78,40,19,40,38,36,55,38,44,42,40,19
Jeff Brown,SF,CLE,20,14.67,2281,41,62,43,55,71,59,49,35,40,33,29,20,28,41,30,45,51
Miha Lakovic,PG,HAW,20,6.26,2281,41,63,27,44,56,51,28,23,18,58,63,71,30,37,75,66,24
Dylan Faure,F,DEN,23,2,2280,41,54,49,52,37,41,27,43,41,37,35,33,43,53,37,52,56
Kyle Moore,F,SAC,35,2.06,2280,40,40,56,28,10,6,22,26,23,44,49,49,51,67,64,54,32
Robert Jasper,SF,FA,35,2,2279,40,40,45,54,41,23,20,39,36,41,53,59,51,34,65,43,36
Jarrid Lewis,PF,CHA,32,45.67,2279,40,40,62,29,34,37,30,26,34,54,85,60,50,30,39,47,47
Julio Gonzalez Jr.,F,SAS,31,3.94,2280,40,40,50,61,43,31,42,55,61,36,43,26,47,37,45,37,44
Wyatt Williams,C,FA,31,2,2279,40,40,65,55,35,29,49,29,50,20,23,17,34,59,24,33,58
Evan Woods,C,NYK,31,2,2279,40,40,71,55,44,38,43,44,50,22,24,24,26,38,43,38,58
Ronnie Lofton,SF,FA,29,2,2279,40,40,46,43,49,57,39,27,55,43,40,41,36,40,47,40,43
Shawn Eason,SG,MIL,31,2,2279,40,40,34,54,21,25,36,60,54,24,34,28,54,54,58,64,73
Javier Cook,GF,LVA,26,2,2280,40,44,43,42,54,61,29,20,49,43,49,51,41,29,55,43,45
Jaroslav Slávik,SF,HAW,26,3.04,2279,40,45,53,42,56,59,30,19,50,37,40,37,42,33,44,38,33
Aaron Graham,C,ORL,27,2,2279,40,41,66,51,35,30,25,22,42,32,26,28,50,38,49,43,57
Alphonso Hayes,F,FA,28,2,2279,40,43,58,33,43,46,20,19,44,47,43,52,47,35,46,42,35
Tim Olmstead,PF,CLE,25,2,2279,40,43,62,56,50,48,41,48,62,29,40,21,27,41,31,38,50
Justin Stephens,SG,RAL,24,2,2280,40,50,37,30,38,36,58,31,44,52,43,38,58,45,46,45,36
Ryan Miller,SG,CHA,24,2,2279,40,54,37,35,65,67,35,46,41,31,44,50,33,47,37,34,26
Donatas Valeika,PG,GSW,25,7.3,2280,40,47,13,43,58,67,47,49,31,55,53,42,45,46,51,57,22
Joseph Dyck,PG,TOR,23,9.77,2280,40,53,28,33,73,89,59,39,47,43,32,30,46,26,45,41,26
William Koger,SG,UTA,23,2.33,2279,40,47,38,36,55,54,53,42,44,34,30,20,28,55,54,50,29
Malcolm Austrie,PG,GSW,22,9.87,2279,40,54,21,38,69,59,40,16,25,47,53,55,34,43,51,56,27
Roger Coppens,FC,MIL,22,13.18,2279,40,55,65,49,36,39,28,40,38,24,42,39,39,49,31,37,44
Corey Johnson,SF,SAC,25,2,2280,40,46,43,42,49,31,35,35,39,33,42,43,38,50,55,43,52
Pierre Vaillancourt,GF,ORL,21,8.23,2280,40,53,50,36,48,52,18,19,26,33,32,44,42,42,54,59,24
Reggie Lynch,SF,VAN,23,2,2279,40,50,51,40,47,43,26,51,52,55,66,68,38,31,44,38,33
Eduardo Sanford,PG,TOR,20,9.87,2281,40,61,26,32,75,73,33,32,32,42,50,53,38,22,60,71,30
Eric Lane,F,NOJ,21,8.23,2281,40,57,55,30,33,30,24,34,21,49,45,49,42,52,52,57,52
Ben Kosmalski,PF,MEM,21,2,2280,40,58,58,42,57,63,39,23,46,37,34,30,23,45,34,38,49
Ross Evans,F,FA,33,2,2279,39,39,57,38,39,38,31,48,34,45,56,54,52,29,49,32,29
Christian Davis,FC,FA,32,2,2279,39,39,61,51,20,18,44,52,41,24,36,38,36,61,44,32,40
Jason Williams,F,DAL,32,2,2279,39,39,57,47,40,38,25,42,67,47,30,25,22,57,47,42,33
Cade Novotny,PG,FA,30,2,2279,39,39,28,31,53,46,37,33,49,26,35,18,42,54,67,62,37
John Downer,SG,PHI,31,2,2279,39,39,37,36,44,34,46,33,43,36,43,44,42,47,57,52,31
Hunter Saxton,F,FA,29,2,2279,39,39,52,33,23,25,41,23,24,59,63,50,59,41,52,44,32
Brad Muhammad,C,ATL,30,19.01,2279,39,39,64,52,20,15,39,42,33,37,40,45,51,52,30,24,47
Gary Wilson,PG,HAW,31,2,2280,39,39,19,40,58,48,33,44,47,48,39,36,53,43,47,59,32
Vince Woods,C,DP,19,2,2271,39,61,80,65,48,49,26,27,46,27,18,15,15,47,27,29,55
Javier Burl,F,FA,28,2,2279,39,39,48,53,35,32,41,39,46,31,31,30,39,50,48,45,63
Steven Smith,G,FA,29,2,2279,39,39,31,51,57,39,46,35,54,53,54,56,40,39,33,36,29
Drew Johnson,GF,FA,27,2,2279,39,39,42,49,50,47,54,43,45,36,45,40,37,35,51,36,42
Dominique Rodriguez,SF,SAS,27,12.61,2279,39,40,48,51,53,61,33,23,52,45,52,43,31,35,41,35,41
Aaron Judge,PG,FA,27,2,2279,39,40,18,45,68,50,46,45,30,65,61,60,36,34,48,50,35
Josh DeGeorge,F,FA,28,2,2279,39,41,50,41,37,35,50,41,43,37,30,34,35,48,46,48,57
Sergey Nazarenko,F,BOS,29,2,2279,39,39,55,32,44,29,36,32,40,44,42,39,40,43,52,42,44
Aleksey Pushkov,F,MIL,30,4.43,2279,39,39,50,57,45,38,38,63,55,20,27,20,35,47,40,44,64
Frank Sax,SF,HOU,26,2.11,2280,39,41,46,35,48,47,51,32,34,52,38,61,32,39,51,32,34
Bob Kelly,F,FA,29,2,2279,39,39,51,41,29,26,52,51,37,49,49,56,46,45,39,32,33
Edward Clement,FC,DAL,27,2,2279,39,41,62,36,21,25,60,54,41,45,30,28,49,50,34,35,41
Tim Slater,SF,PHI,24,7.95,2279,39,48,51,40,66,59,42,42,58,31,34,22,35,36,41,28,28
Jermey Tindal,GF,BKN,24,8.35,2280,39,50,42,41,53,48,23,17,30,31,22,26,49,49,48,48,23
Chad Maternowski,PF,RAL,24,2,2279,39,49,61,45,30,36,28,50,51,28,41,48,37,52,33,32,37
Aleksandr Tsygankov,SG,CLE,25,2,2279,39,47,39,33,55,51,34,26,19,27,45,34,46,46,54,52,26
Stelios Kalaitzidis,C,ORL,23,4.88,2280,39,53,68,51,32,40,30,39,45,23,23,35,32,57,23,30,51
Curtis Hinton,C,SEA,23,9.59,2279,39,50,67,50,38,37,45,50,55,28,24,15,34,52,26,29,42
Cosimo Camata,FC,NYK,24,11.38,2279,39,50,64,40,43,48,43,41,37,31,46,47,30,48,32,17,18
Ranko Velickovic,SF,TOR,24,2,2279,39,51,51,35,55,52,30,43,34,46,62,53,45,31,42,31,19
Aivaras Petrukonis,PG,RAL,24,2.76,2280,39,50,22,25,79,77,32,18,37,52,22,21,31,44,58,70,23
Alioune Dia,GF,CLE,25,2,2279,39,44,44,36,61,48,38,12,31,30,29,29,40,44,47,47,20
Tate Woods,F,POR,22,4.21,2280,39,55,45,40,36,43,36,45,32,51,44,36,43,55,41,36,56
DaJuan Williams,PF,CLE,22,13.24,2280,39,56,62,36,35,35,21,55,47,30,47,46,36,56,35,27,37
Justin Colwell,G,SAS,24,4.3,2279,39,50,32,30,80,74,40,13,30,27,39,42,31,36,56,43,21
Josiah Lee,PG,RAL,25,2,2279,39,43,23,28,73,56,41,36,26,32,53,43,30,54,54,46,26
Michael Carson,F,UTA,21,6.92,2280,39,61,60,49,58,44,29,28,49,25,40,43,24,32,47,47,40
Joe Szott,F,FA,38,2,2279,38,38,55,25,8,1,0,21,34,53,60,52,69,65,50,44,44
Drew Nicolas,FC,FA,37,2,2279,38,38,68,40,7,10,11,61,44,41,46,28,56,55,39,56,56
Isaac Graves Jr.,C,NOJ,30,2,2279,38,38,65,58,28,30,41,30,31,24,28,40,29,58,17,31,54
Francisco Ortega,GF,MIL,31,2,2279,38,38,46,37,33,35,28,24,57,24,19,36,30,67,50,51,44
Mike Peek,FC,DP,20,2,2271,38,65,63,59,59,51,25,37,49,26,39,17,28,30,43,41,57
Giannis Dimakos,SF,FA,27,2,2279,38,39,48,28,33,31,39,28,31,50,45,53,45,43,55,48,48
Jonathan Nelson,PF,FA,27,2,2279,38,40,57,35,56,45,32,12,37,32,26,30,46,34,46,37,39
Joel McFadden,FC,SEA,27,2,2280,38,40,63,52,40,38,39,42,46,33,25,25,39,38,40,30,46
Josh Person,GF,FA,29,2,2279,38,38,39,53,46,49,39,37,49,24,32,33,46,41,45,35,37
Norman Peters,PF,FA,29,2,2279,38,38,58,52,37,29,38,63,41,21,25,29,31,47,42,47,53
Ime Follett,FC,FA,25,2,2279,38,44,59,30,15,26,51,46,14,30,26,28,59,63,20,42,55
Alex Tolbert,SG,NYK,24,2.14,2279,38,49,34,25,55,47,44,32,16,38,40,49,29,62,49,38,27
Ben Williams,PG,VIR,26,14.75,2279,38,41,29,31,62,57,51,20,23,52,45,70,31,44,29,43,19
Chris Rush,GF,FA,27,2,2279,38,40,47,32,67,56,40,20,44,40,54,70,33,17,49,40,22
Josh Hensley,FC,HAW,23,2,2279,38,51,58,41,41,40,44,33,18,42,48,46,43,51,21,16,34
Keyon Gordon,PF,LVA,23,2,2280,38,48,54,46,50,56,33,29,22,44,32,40,41,42,22,28,34
Blake Stuart,SG,BOS,23,4.29,2279,38,53,40,30,40,43,31,40,36,48,48,52,37,55,43,49,45
Casey Boney,SF,MIN,24,10.29,2280,38,42,46,45,46,56,28,37,40,31,61,26,55,38,50,26,34
Kalvin Willis,F,GSW,22,2,2279,38,55,44,43,43,30,44,36,43,31,29,48,35,59,25,29,57
Ajani Forbes,SF,DEN,21,3.97,2280,38,62,44,39,63,71,31,22,27,45,43,47,38,30,42,37,42
Deonte Foxx,PF,LVA,22,2,2279,38,55,56,40,38,28,36,34,34,35,30,30,49,39,49,47,58
Satchel Bowden,PG,DAL,22,3.31,2280,38,53,30,38,50,53,34,35,36,47,63,58,40,28,72,57,33
Kareem Farmer,FC,GSW,21,2,2280,38,58,64,39,35,29,32,39,36,41,35,49,35,50,27,33,49
Reid Harris,FC,PHX,32,2,2279,37,37,60,36,8,2,46,46,43,43,45,31,67,51,34,36,47
Justin Carson,FC,CHI,33,2,2279,37,37,66,42,29,23,37,74,68,37,39,29,41,39,35,37,47
Matthias Wolf,PG,FA,29,2,2279,37,37,20,41,45,46,37,25,14,51,52,62,38,51,57,59,23
Clarence Lane,FC,FA,29,2,2279,37,37,61,42,38,24,56,41,36,24,34,18,38,51,19,40,55
Marcel Hall,SF,HAW,32,2,2280,37,37,44,47,19,15,33,50,48,45,69,38,56,47,58,39,57
Jeremy Beckford,PG,DP,19,2,2271,37,66,29,36,84,79,29,20,30,33,54,54,28,17,59,60,23
Bam Echols,C,DP,22,2,2271,37,56,63,47,37,41,49,45,42,21,25,17,32,51,27,33,65
Michael Egger,FC,FA,28,2,2279,37,37,61,42,30,27,37,51,49,27,26,27,35,48,49,40,73
Demetrice Davis,FC,DET,28,3.51,2279,37,37,59,51,38,28,46,63,36,23,24,21,42,40,35,38,54
Terrell Marshall,C,FA,28,2,2279,37,40,66,43,33,20,38,44,39,29,25,20,31,52,43,43,61
Lorenzo Campbell,GF,FA,29,2,2279,37,37,45,42,46,41,29,34,57,49,56,51,42,32,46,40,39
Michael Vest,F,FA,29,2,2279,37,37,52,28,36,37,33,33,39,53,34,43,33,49,56,41,45
Travis Easterling,C,SAC,29,2,2279,37,37,84,40,29,20,22,35,39,26,29,36,32,44,33,35,44
Bi Doumbia,FC,DAL,28,2,2280,37,38,66,45,33,34,42,57,47,22,25,28,40,45,30,28,42
Feliks Glintic,GF,FA,25,2,2279,37,41,37,41,65,44,44,34,37,47,35,30,23,51,35,45,50
Tyrel Taylor,PG,FA,25,2,2279,37,43,32,38,59,66,46,53,53,34,55,51,39,28,39,41,28
Peter Populist,FC,FA,28,2,2279,37,37,54,56,45,36,54,31,44,32,26,19,28,60,23,14,41
Ryan Harris,C,IND,24,2,2279,37,49,66,30,54,53,47,14,38,26,45,12,41,34,51,16,30
A.J. Chaney,FC,MXC,24,2.06,2280,37,46,63,50,39,27,30,22,27,40,42,45,45,30,43,37,43
Milenko Savanovic,SG,HOU,24,2,2279,37,45,32,42,61,64,46,21,23,39,37,37,48,34,37,36,25
Carlos Schneider,SG,POR,23,4.42,2280,37,46,36,32,49,47,48,19,26,32,32,54,31,53,43,39,30
Zach Owens,C,FA,26,2,2279,37,39,66,51,30,40,28,54,35,16,35,12,47,49,28,34,49
Grady Davis,FC,SAS,26,3.18,2279,37,42,62,29,27,20,32,28,13,48,51,57,45,46,38,47,51
Grant Goldenberg,SF,QUE,22,2,2279,37,49,51,38,63,57,36,29,48,32,45,45,26,24,55,38,32
Adam Ball,F,LVA,22,2.66,2279,37,50,61,37,37,26,33,40,59,35,22,16,38,44,51,54,41
Matt Evans,G,UTA,23,6.26,2279,37,46,36,28,55,63,22,34,50,42,47,42,45,28,59,58,40
Jon Battle,PF,SAS,21,7.58,2280,37,53,63,45,51,32,20,50,45,12,38,12,28,49,48,41,37
Patrick Pettway,SF,TOR,21,5.94,2280,37,57,44,55,57,59,42,26,47,39,45,29,27,41,36,29,40
Mike Westerman,GF,POR,20,3.31,2281,37,60,47,43,66,63,32,47,58,41,55,58,21,25,43,28,23
Greg Waddell,C,DEN,20,6.92,2281,37,62,67,49,39,42,32,42,35,25,24,19,41,36,31,43,53
Eugene Thomas,PG,DET,21,8.56,2281,37,57,27,41,55,60,27,22,37,51,63,38,43,45,51,46,24
Sávio Barbosa,FC,HAW,21,2,2280,37,54,62,33,36,31,46,30,32,31,29,48,32,49,32,33,42
Jerrod Oliver,PG,TOR,22,2,2280,37,54,22,40,50,53,35,30,36,43,53,56,32,60,46,36,22
Clark Wilks,C,PHI,34,3.56,2279,36,36,66,36,4,0,33,43,43,29,30,2,60,62,47,50,48
DaJuan Malone,F,FA,31,2,2279,36,36,53,45,39,36,21,28,45,25,47,38,36,51,51,26,31
Tony Galloway,PF,FA,32,2,2279,36,36,65,45,37,36,18,32,28,36,26,24,36,38,52,57,42
James Johnson,PG,POR,33,2,2279,36,36,30,23,33,20,43,29,27,39,55,51,59,43,63,59,29
Jack Bradley,PG,IND,31,2,2280,36,36,22,33,37,37,24,33,35,40,49,62,42,58,75,39,23
Artie Conway,G,POR,29,2,2280,36,36,31,30,45,47,34,45,38,52,33,22,45,56,48,46,17
Adama Koffi,SF,FA,29,2,2279,36,36,48,40,60,37,28,9,46,26,25,33,38,35,50,44,28
Murray Rousseau,SF,FA,29,2,2279,36,36,50,37,51,51,25,36,36,50,43,41,32,41,43,37,34
Richard Darling,PF,CHI,32,2,2279,36,36,55,38,46,38,36,28,51,39,54,35,39,37,35,31,47
Wes Spears,GF,DP,19,2,2271,36,57,48,33,65,62,14,33,51,41,43,48,25,38,39,34,37
Tee Siler,F,DP,20,2,2271,36,69,48,58,50,39,39,40,53,35,38,32,22,43,32,42,67
Davon Caldwell,SF,DP,20,2,2271,36,60,52,37,51,41,12,27,26,30,39,44,31,47,48,41,30
Dustin Pryor,FC,DP,21,2,2271,36,56,58,42,32,38,29,35,32,23,22,19,44,49,39,39,62
Nathaniel Mosby,SF,DP,22,2,2271,36,52,47,44,72,64,24,37,48,26,27,22,27,34,46,32,38
Jack Olsen,SF,FA,28,2,2279,36,36,46,29,34,30,21,28,29,51,49,45,42,46,58,54,50
Will Campbell,FC,FA,29,2,2279,36,36,67,35,42,36,31,29,35,39,40,33,35,33,46,46,43
Dee James,G,FA,27,2,2279,36,38,33,30,42,43,33,24,20,63,53,53,42,40,60,54,36
Jon Burton,F,FA,27,2,2279,36,36,48,45,31,27,54,59,46,30,26,31,43,41,41,38,67
Shaun Baker,G,FA,28,2,2279,36,38,33,27,55,47,34,27,26,40,39,39,41,38,62,56,46
Preston Lousi,SF,FA,26,2,2279,36,39,46,37,61,62,30,35,47,35,40,35,31,33,46,32,42
Janis Vasiljevs,SF,ATL,26,5.16,2279,36,40,47,28,48,43,34,28,41,40,51,43,37,38,52,43,41
Alejandro Medina,PG,LAC,29,2,2279,36,36,21,40,41,36,36,32,34,60,63,60,40,34,76,64,45
Matt Taylor,FC,RAL,25,2,2279,36,38,62,34,45,45,36,46,43,23,25,21,37,45,37,25,51
Brandon Woods,C,LVA,25,2,2280,36,39,76,47,38,31,15,44,43,31,39,27,26,51,24,28,42
Chaz Lundy,SF,MIL,25,2,2279,36,39,51,46,57,47,25,41,38,29,48,23,38,36,41,37,31
Federico Lombardi,GF,FA,25,2,2279,36,40,40,49,46,40,49,58,31,35,47,40,26,59,24,25,26
Mike Osborne,F,FA,26,2,2279,36,39,50,48,29,36,60,33,36,31,25,41,25,49,37,46,46
Luis Bustos,GF,ORL,24,2,2280,36,42,40,27,59,67,29,12,47,42,35,44,33,44,41,27,37
Gerrick Lee,C,MIN,24,9.57,2280,36,43,72,53,12,12,29,53,33,26,43,10,39,63,35,31,60
J.C. Bennett,SG,UTA,24,4.47,2280,36,43,35,39,32,31,27,41,16,28,38,51,37,63,51,50,29
Thaddius Woods,G,BKN,24,2.39,2280,36,45,36,27,58,51,31,13,42,20,28,39,36,43,58,53,21
Josh Carter,F,FA,27,2,2279,36,39,51,56,42,40,47,33,44,40,28,24,48,39,20,28,25
Shawn Adams,SF,HOU,23,2,2279,36,48,46,36,44,41,26,24,22,58,53,48,48,33,51,36,31
Jerrid Schoonover,F,MIN,24,2.59,2280,36,50,51,43,49,38,36,23,20,57,48,50,41,31,39,37,28
Justin Simpson,C,VIR,25,2.06,2279,36,41,67,52,38,44,37,32,42,24,24,16,33,42,34,34,45
Kenneth Evans,SF,BKN,22,3.31,2279,36,56,56,34,56,51,28,42,55,32,54,46,34,27,47,27,21
Tristian Johnson,GF,LAL,21,2,2279,36,57,45,27,44,47,31,22,42,46,45,49,39,40,49,42,38
Kevin Ford,FC,QUE,21,2,2279,36,56,61,48,34,38,45,66,41,27,20,13,37,48,21,34,61
Cody Osby,PG,TOR,22,3.06,2279,36,50,23,31,61,64,56,33,20,47,58,57,26,48,39,42,15
Jon Strings,F,UTA,23,2,2279,36,47,52,39,62,48,35,18,46,33,33,42,36,31,30,32,34
DeShawn Gunn,G,ATL,20,2,2280,36,61,34,25,65,57,29,19,25,39,56,62,37,33,53,36,25
Stanley McKinney,SG,SAS,20,3.64,2281,36,57,35,38,61,63,19,38,35,32,49,15,33,50,62,37,41
Chris Bailey,SF,ORL,20,2.33,2281,36,58,52,33,46,45,19,47,41,43,51,51,28,47,39,32,32
Evan Nutt,FC,MXC,20,2,2280,36,58,67,48,42,38,26,51,41,27,37,39,18,38,41,42,54
Latu Stire,PG,DAL,21,2.66,2281,36,57,25,23,66,65,29,41,18,45,53,62,32,34,61,56,22
Avery Addison,GF,DAL,22,2,2280,36,48,42,26,44,39,31,27,32,39,48,39,42,52,43,38,46
Ivo Costa,GF,MIL,31,2,2280,35,35,43,44,45,30,47,45,46,42,65,57,37,25,50,31,33
Dustin Torain,FC,CHI,31,9.14,2279,35,35,64,39,29,21,33,44,38,22,40,42,29,57,26,25,40
Richie Griffin,SF,FA,32,2,2279,35,35,43,39,26,15,35,25,27,29,35,40,49,63,38,32,39
James Hansell,SG,FA,29,2,2279,35,35,33,40,49,70,36,24,60,11,16,16,38,58,29,29,35
Duncan Jefferson,SG,FA,29,2,2279,35,35,37,55,57,45,36,44,55,29,42,46,37,27,41,30,27
Scott Brandt,F,FA,30,2,2279,35,35,48,46,44,38,39,20,39,47,43,23,38,48,34,23,39
Brandon McQueen,SG,DP,20,2,2271,35,59,43,40,74,57,21,49,53,37,55,35,24,28,45,35,25
Branden Blackwell,F,DP,20,2,2271,35,61,51,41,56,52,26,22,41,36,29,29,30,37,42,39,48
DeAnthony Fee,GF,DP,21,2,2271,35,55,45,46,52,48,26,33,36,42,47,47,35,36,35,38,32
Hunter Vann,GF,DP,22,2,2271,35,47,49,30,35,36,31,13,30,33,28,33,43,45,52,56,27
Trey Franklin,SF,FA,28,2,2279,35,35,49,36,37,25,42,37,29,30,39,41,36,39,59,48,44
James Tillman,PF,FA,26,2,2279,35,37,52,53,35,33,36,48,37,30,32,27,38,48,33,34,51
John Johnson Jr.,PF,FA,27,2,2279,35,36,57,41,37,28,46,58,38,19,21,26,36,41,39,40,61
Steve Wilkins,FC,NOJ,29,2,2279,35,35,66,46,28,18,41,56,42,29,30,28,38,35,44,45,57
Jake Hughley,SG,FA,26,2,2279,35,39,35,34,35,42,47,37,32,55,40,34,44,54,42,35,32
Connor Elliott,SF,DET,24,2,2280,35,44,54,26,29,27,28,47,32,24,20,29,47,46,52,54,40
Herman Billings,F,FA,25,2,2279,35,38,44,43,33,37,34,41,33,23,25,20,40,58,38,44,62
Justin McPeek Jr.,SF,FA,25,2,2279,35,38,43,41,38,39,46,20,28,43,40,46,35,51,31,29,33
Chris Thornton,SG,FA,26,2,2279,35,38,34,30,48,52,43,24,22,33,51,54,43,36,53,36,23
Lucas Arnold,GF,FA,27,2,2279,35,37,41,39,64,67,30,36,59,14,17,9,28,53,37,27,39
Ranko Mandic,SF,LAL,23,2,2279,35,47,46,27,41,39,38,14,28,32,25,40,38,51,48,37,41
Don Stout,SF,LAL,23,2,2279,35,48,45,37,34,43,39,22,18,44,35,42,49,53,24,29,27
Luc Salmon,PF,CHA,23,2,2280,35,45,54,48,33,49,44,45,33,36,44,27,52,32,39,18,21
Joel Roberts,SF,CHI,23,6.58,2280,35,49,45,39,52,42,32,39,21,19,32,34,41,48,32,25,34
Remi Noua,SF,FA,26,2,2279,35,37,42,38,40,48,34,19,34,30,53,22,54,39,59,32,41
Keyon Chappell,SG,POR,22,2.06,2280,35,51,42,35,45,46,23,46,52,53,61,55,40,36,44,33,28
Brian Roark,SF,MIA,22,2,2279,35,52,55,35,51,62,24,30,49,32,43,31,48,24,28,39,16
Deontae Counts,F,NYK,25,2.06,2280,35,39,55,38,52,45,28,21,41,9,15,33,33,42,38,41,30
Collin Greene,SG,LAL,21,2,2279,35,57,34,71,53,51,21,54,40,45,37,25,29,42,34,46,47
Kelvin Lau,C,MIL,22,2,2279,35,53,64,57,52,43,37,36,41,25,28,21,23,35,30,28,57
John Shields,FC,FA,24,2,2279,35,42,68,29,27,27,29,29,39,30,44,47,44,32,48,43,55
Kevin Jackson,GF,QUE,20,4.3,2281,35,60,37,45,67,57,28,11,20,49,43,60,21,45,31,26,24
Tomas Green,SG,BKN,20,6.59,2281,35,60,46,26,51,56,17,29,21,50,58,63,33,23,60,57,32
Ron Miller,PF,MIL,20,5.94,2281,35,59,67,39,47,46,30,41,40,20,39,35,37,18,37,47,41
Chuck Pope,SF,BOS,20,2.98,2281,35,56,48,39,73,67,24,33,61,36,29,20,27,32,41,30,34
Alex Maples,FC,IND,21,11.69,2281,35,48,64,32,45,38,24,22,44,23,23,40,26,50,31,28,42
Clint Ryan,G,NOJ,22,2,2280,35,43,37,41,53,58,31,37,59,32,24,25,26,47,43,49,29
Ognjen Danilovic,C,FA,33,2,2279,34,34,67,38,0,0,27,23,22,31,26,54,40,64,25,49,44
David Robins,GF,FA,33,2,2279,34,34,43,24,8,17,36,24,43,50,36,42,61,50,52,48,38
Mannie Lane,C,FA,32,2,2279,34,34,68,50,27,20,50,40,36,12,9,8,44,38,40,35,67
Jonathan Leo,SG,FA,33,2,2279,34,34,42,19,29,32,20,35,44,27,40,57,36,56,53,46,35
Roderick Terry,FC,FA,31,2,2279,34,34,58,36,18,13,32,26,25,19,27,35,30,62,44,53,67
Matt Felix,G,FA,29,2,2279,34,34,32,22,58,41,28,15,10,33,42,45,43,37,54,56,31
Christian Sullivan,SG,DP,19,2,2271,34,63,45,30,70,68,17,19,41,32,28,25,31,20,59,62,33
Anatoliy Efremov,PF,DP,19,2,2271,34,63,61,47,39,42,21,32,32,18,20,33,20,45,39,51,55
Kelton Grant,PG,DP,21,2,2271,34,50,27,26,68,66,26,21,41,31,28,25,37,47,46,41,29
Michael Williams,SF,DP,22,2,2271,34,53,46,39,48,46,32,40,33,33,51,29,45,32,49,32,35
Philip Hughes,GF,FA,30,2,2279,34,34,41,34,50,40,29,28,36,44,49,39,35,37,48,43,42
Max Altheimer,PG,CHA,25,10.85,2279,34,35,21,21,40,48,39,29,13,42,41,44,50,44,60,67,19
Tra Pearson,FC,FA,28,2,2279,34,35,68,38,37,22,43,41,35,22,42,52,37,22,49,30,37
Landon Curry,PG,FA,25,2,2279,34,37,17,21,64,50,34,32,18,44,51,58,44,39,49,52,23
Marcus Aguayo,SG,FA,26,2,2279,34,37,34,47,55,50,38,23,30,45,42,47,24,44,38,40,21
Landon Shorter,F,FA,27,2,2279,34,36,54,23,48,48,34,18,29,25,45,38,31,45,49,27,27
Damir Macvan,G,FA,24,2,2279,34,44,31,50,49,59,36,35,37,45,30,29,33,40,39,52,46
Jay McCloud,PG,FA,25,2,2279,34,38,29,31,67,76,32,23,19,46,46,48,49,15,40,53,22
Emeka Erevbenagie,FC,LVA,22,2.19,2280,34,49,59,48,38,36,52,49,36,28,24,18,31,39,26,34,61
Aleksandar Bolic,PG,HOU,22,10.2,2279,34,45,31,39,70,73,38,25,32,39,48,32,31,20,50,52,23
Helmut Lehmann,FC,DET,23,2,2280,34,43,66,35,38,32,36,36,35,25,23,26,31,38,47,42,37
Jake Hampton,G,MIN,21,2,2279,34,55,32,39,53,55,27,32,37,38,35,43,32,46,37,43,36
Simas Lipkevicius,GF,FA,24,2,2279,34,41,39,44,40,45,47,54,50,21,47,47,36,31,45,38,44
Gabriel Timmons,C,SEA,20,5.61,2281,34,58,78,57,36,45,17,45,45,19,19,11,29,28,43,42,54
Shawn Louis,GF,HOU,20,2,2280,34,55,39,23,56,47,30,21,35,32,31,43,30,48,45,35,44
Jordyn Peters,PG,PHX,20,8.89,2281,34,54,22,47,67,63,22,34,15,44,34,31,30,42,59,46,31
Cade Hobbs,G,CHA,21,4.62,2281,34,56,37,24,54,52,33,25,25,39,44,50,23,43,55,45,26
Keyan Evans,SF,FA,33,2,2279,33,33,49,33,23,19,42,12,16,28,32,43,52,41,47,49,30
Arturas Kisielius,F,MIA,30,2,2279,33,33,53,40,24,22,27,27,41,30,29,38,44,45,41,42,34
Timothy Meister,F,FA,29,2,2279,33,33,46,64,29,20,36,42,40,30,49,39,37,49,29,27,32
Daniel Oliver,SF,DP,19,2,2271,33,59,49,29,57,55,19,28,28,26,21,25,36,29,59,48,34
Corey Patel,PG,DP,19,2,2271,33,60,20,26,64,53,14,13,8,38,34,50,30,45,62,57,42
Rens de Jong,C,DP,20,2,2271,33,59,68,39,24,20,22,41,24,29,33,21,32,56,26,41,61
JoJo Dandridge,PG,DP,20,2,2271,33,55,20,26,59,65,20,16,45,30,20,26,32,49,54,60,44
Wayne Kennedy,SG,DP,20,2,2271,33,58,32,42,64,70,36,29,21,46,46,28,28,35,39,35,33
Luke Phillips,PF,DP,21,2,2271,33,60,65,59,34,44,33,50,59,28,43,44,33,20,30,26,22
Matt Brooks,FC,DP,22,2,2271,33,50,62,40,35,39,24,45,35,34,46,54,27,32,34,36,51
Phillip Hill,FC,FA,28,2,2279,33,33,57,43,38,35,31,49,37,26,20,24,38,40,39,28,49
Garrett Brice,FC,FA,29,2,2279,33,33,58,45,31,21,40,38,38,16,18,23,39,40,42,42,61
Petar Jeretin,SF,FA,27,2,2279,33,36,47,44,52,48,31,21,50,40,34,44,31,29,41,32,26
Thomas Marchand,G,FA,27,2,2279,33,35,28,30,50,46,33,26,42,48,47,45,37,45,41,37,35
Patrick Foster,F,FA,26,2,2279,33,34,53,38,28,34,34,60,40,33,22,30,49,37,35,36,49
Leroy Bennett,PF,FA,27,2,2279,33,35,58,55,38,41,31,51,60,30,29,22,32,36,29,25,35
Miljan Velickovic,GF,FA,28,2,2279,33,34,37,41,43,43,29,28,39,25,32,24,36,46,50,44,45
Dylan Scott,F,FA,25,2,2279,33,35,53,47,66,66,33,20,47,30,26,15,20,36,27,25,28
Dimitrios Spyropoulos,C,FA,25,2,2279,33,36,67,43,30,33,36,22,11,33,31,33,41,30,40,33,32
Greg Ramos,SF,FA,25,2,2279,33,38,43,37,29,26,43,52,40,15,31,35,34,64,36,26,37
Isaiah Hackney,G,MIA,26,2,2279,33,36,32,21,54,50,44,21,9,34,40,55,38,34,48,45,16
Matt Buchanan,FC,DEN,26,2,2279,33,37,61,53,42,45,41,27,57,25,26,22,19,36,31,34,46
Anthony Carrell,F,LAC,24,8.28,2279,33,41,51,46,51,51,29,27,39,26,32,18,34,30,49,39,40
Antoine Garrett,PF,RAL,24,2.07,2280,33,41,53,57,34,33,21,48,38,25,35,35,30,50,32,22,36
James Hunter,FC,HOU,23,2,2280,33,42,62,32,19,31,40,17,38,34,17,22,40,44,45,42,50
Kellen Sanborn,SF,MEM,23,3.62,2280,33,48,47,41,58,59,45,41,51,47,47,34,29,28,31,16,21
Torian Klein,FC,HAW,21,2.66,2280,33,57,68,44,32,27,27,47,25,28,29,21,54,24,29,49,45
Robert Haynes,PF,BKN,21,5.61,2280,33,55,62,48,52,43,21,29,38,23,39,37,28,23,42,39,37
Alex Davis,PG,VAN,23,2,2279,33,47,33,25,58,47,26,19,31,33,29,49,29,41,49,51,22
Brendan Blanchard,PF,LVA,20,2,2280,33,55,60,33,41,37,30,41,32,29,30,43,22,41,34,46,46
Graham Rice,SG,QUE,20,2,2280,33,58,35,36,56,52,22,15,41,51,40,53,28,34,54,38,29
Jean Jean,F,HOU,20,13.93,2281,33,56,51,34,53,40,22,9,26,25,20,28,34,40,46,43,48
Jason Hardy,SF,FA,23,2,2279,33,38,40,48,31,33,43,52,35,34,34,46,39,45,32,27,44
Vova Karosas,F,MIN,23,2,2280,33,48,49,50,41,52,42,29,40,43,39,39,35,27,42,28,32
Deron Murray,PG,DEN,35,2,2279,32,32,31,26,36,11,29,28,30,40,64,78,39,46,32,55,27
Hakan Ozal,SG,FA,29,2,2279,32,32,36,30,44,42,19,29,34,25,44,42,39,43,44,44,39
J.B. Hampton,FC,FA,29,2,2279,32,32,65,22,31,32,36,36,38,19,16,9,35,50,40,37,44
Alvin Distefano,PG,FA,29,2,2279,32,32,15,33,38,45,31,34,24,33,44,54,46,45,54,51,41
Chance Greene,PG,DP,19,2,2271,32,68,35,30,62,57,15,38,40,34,52,48,21,35,53,46,19
Barrett Small,PF,DP,20,2,2271,32,48,62,26,26,21,17,54,18,25,38,38,38,44,46,42,41
Mitchell Hall,GF,DP,20,2,2271,32,58,52,37,45,53,17,32,37,35,54,53,41,14,40,50,27
Ross Offor,PG,DP,21,2,2271,32,59,31,27,58,70,28,21,46,49,25,24,29,39,40,54,18
Trent White,GF,FA,28,2,2279,32,32,35,43,24,22,28,42,40,33,30,37,52,40,49,46,70
Billy Autry,GF,FA,27,2,2279,32,33,46,32,47,55,37,42,23,40,39,48,35,27,35,33,26
Eric James,F,FA,25,2,2279,32,36,52,28,26,30,42,16,29,41,36,55,49,28,36,39,40
Aiden Lowery,GF,FA,26,2,2279,32,33,47,29,45,58,35,8,16,23,20,37,25,46,37,45,22
Mark Embry,G,FA,24,2,2279,32,39,31,31,57,71,45,18,53,45,47,22,32,44,28,28,13
Rasheed Palmer,FC,MXC,24,2.77,2279,32,42,65,35,32,26,37,42,39,32,42,42,34,30,36,33,31
Simas Gustas,PF,FA,23,2,2279,32,45,58,42,37,30,43,25,21,24,24,43,32,42,21,31,25
Jamell Caflisch,PG,FA,23,2,2279,32,42,22,41,46,50,40,61,45,43,53,55,38,39,35,34,18
Cam Lowe,SF,VIR,23,2,2280,32,47,38,51,45,31,39,43,48,18,14,11,35,48,35,34,55
Niko McGee,F,FA,25,2,2279,32,33,48,33,35,46,42,29,33,40,39,47,42,31,29,33,43
Qyemah Stubbs,FC,BOS,22,2,2279,32,48,61,31,25,27,44,36,33,39,20,25,44,47,21,31,45
Samson Bennett,GF,MIN,22,7.71,2280,32,45,42,43,57,76,30,48,55,41,38,31,24,25,44,27,36
Mo Ryan,PF,TOR,21,2,2279,32,51,64,50,52,45,24,31,37,22,20,23,30,27,32,31,19
Nick Smith,PF,FA,24,2,2279,32,38,56,54,57,50,37,42,51,21,30,11,26,23,36,32,43
Reese Rolle,PF,HOU,22,2,2280,32,47,56,39,34,36,27,43,46,18,34,30,18,54,43,30,41
Kendall Lucas,F,GSW,22,2,2280,32,47,54,42,57,56,30,31,38,28,33,44,15,33,28,27,29
Chris McGriff,SF,DAL,29,2,2279,31,31,42,42,35,25,28,61,51,12,7,25,42,45,55,28,40
Larry Hooper,G,FA,29,2,2279,31,31,35,37,37,24,14,23,22,40,44,53,28,51,52,51,24
Craig Releford,FC,DP,19,2,2271,31,63,60,42,39,31,28,30,32,21,27,49,22,44,21,18,49
Brian Moore,SF,DP,19,2,2271,31,59,51,22,48,46,12,25,25,45,54,53,26,39,38,33,21
John Donaldson,PG,DP,19,2,2271,31,57,32,30,75,74,23,21,28,40,40,54,15,31,43,31,8
Jarod Pace,C,DP,19,2,2271,31,67,64,48,28,38,26,38,27,25,23,20,27,46,32,27,57
Dan Watt,SG,DP,22,2,2271,31,45,35,38,60,50,25,30,29,19,38,37,25,42,46,25,22
Cameron Jones,SF,HAW,28,2,2279,31,31,50,34,41,42,29,28,37,30,22,26,36,37,42,38,36
Zheng Delong,SG,FA,29,2,2279,31,31,37,34,60,46,26,23,49,43,50,46,28,28,43,34,33
Patrick Johnson,FC,FA,27,2,2279,31,31,62,43,32,26,28,58,43,19,21,17,32,39,32,37,49
John Foster,GF,FA,27,2,2279,31,32,40,35,48,43,34,28,38,36,28,28,33,42,39,33,37
Joshua Robinson,F,FA,28,2,2279,31,33,50,44,38,46,37,53,45,36,29,28,30,32,35,35,50
Jonathan Cheeseman,G,FA,28,2,2279,31,31,30,30,55,42,34,26,22,36,31,35,41,28,54,47,42
Terry Evans III,F,FA,26,2,2279,31,34,54,31,28,31,41,32,28,50,53,55,35,29,46,30,35
Chayse Williams,F,FA,28,2,2279,31,32,50,40,32,25,36,58,38,29,27,22,39,40,39,41,47
Reid Paulson,G,FA,29,2,2279,31,31,31,32,46,50,46,30,17,32,40,37,48,26,38,51,28
Kyle Jones,SF,FA,25,2,2279,31,35,42,37,42,32,58,38,12,27,14,17,25,63,21,33,33
Nick Peacock Jr.,F,FA,25,2,2279,31,35,44,43,47,37,47,28,25,34,38,16,35,52,17,18,26
Lucas Lesca,SF,FA,25,2,2279,31,34,44,29,39,48,40,32,15,36,31,31,45,38,32,30,29
Jason Eckert,SF,IND,26,2,2279,31,32,37,44,54,45,34,24,38,35,37,47,26,49,14,12,36
Bill Glover,SF,FA,26,2,2279,31,32,43,52,52,48,46,21,35,32,34,15,29,36,27,36,33
Austin Walker,PG,FA,23,2,2279,31,38,19,24,57,50,31,37,25,46,56,19,37,54,55,28,21
Scott Rock,F,FA,23,2,2279,31,43,54,40,42,43,43,29,37,40,34,37,28,27,35,31,35
Andru Gant,PG,FA,24,2,2279,31,38,23,38,62,62,42,46,40,30,57,55,27,23,41,40,14
Raymond Wong,PG,NOJ,24,2,2280,31,37,29,18,37,27,33,19,20,33,35,48,39,52,52,54,25
Jeff Cole,PG,FA,25,2,2279,31,34,20,20,50,48,31,13,16,38,41,36,45,42,56,57,38
Max Mathews,GF,NYK,21,2,2279,31,48,38,51,51,44,28,44,57,19,47,37,25,34,33,35,49
Eli Johnson,PF,MXC,22,2,2280,31,39,57,37,24,28,36,53,37,54,30,39,31,41,33,33,55
Trey Perry,PG,SEA,22,2,2279,31,43,29,26,65,62,41,23,29,43,46,56,24,37,36,22,7
Sterling Ulrich,PG,CHA,23,2,2279,31,38,24,25,62,47,19,39,49,20,17,10,35,48,56,51,35
Tristan Creekmore,FC,FA,24,2,2279,31,36,64,34,17,21,27,40,27,28,15,11,45,54,31,35,41
Paul Meyer,PG,LVA,20,2,2280,31,57,27,29,61,57,26,27,23,40,57,57,34,28,56,33,17
David Harris,SF,FA,23,2,2279,31,40,46,24,23,21,27,51,26,30,26,33,47,46,47,49,45
Corey Lazarus,GF,FA,38,2,2279,30,30,41,30,11,0,8,27,53,48,21,22,38,69,61,56,50
Fredy Romero,GF,FA,31,2,2279,30,30,41,26,15,14,29,12,19,21,21,31,46,59,45,56,35
Mike Powell,SG,FA,29,2,2279,30,30,32,34,42,29,32,42,24,30,39,47,36,43,52,28,23
Travis King,PG,DP,19,2,2271,30,61,22,20,56,55,14,37,35,33,42,58,34,31,66,50,25
Doug Ingram,SF,DP,21,2,2271,30,51,47,37,42,48,31,37,49,37,54,43,27,35,32,22,25
Alex Rice,FC,DEN,28,2,2279,30,32,61,39,27,26,35,54,42,20,35,19,35,38,34,34,47
James Henry,GF,FA,27,2,2279,30,32,38,35,56,49,36,20,38,46,42,42,27,32,32,26,27
Clayton Rogers,GF,FA,28,2,2279,30,31,43,46,44,41,31,55,49,30,39,40,35,30,22,32,30
Hunter Anderson,C,FA,26,2,2279,30,30,67,35,27,24,25,38,32,16,11,12,29,45,38,40,53
Rashod Root,F,IND,26,2,2279,30,31,49,33,43,45,19,11,35,17,18,18,25,43,51,45,51
Carlton Smith,F,FA,26,2,2279,30,32,52,30,37,30,26,31,28,44,52,43,36,35,34,29,40
Wesley Gunn,G,DAL,28,2,2279,30,31,32,34,64,59,27,11,18,37,36,37,26,20,63,57,33
Christopher Hampton,F,FA,25,2,2279,30,33,54,24,47,46,29,15,23,31,37,43,24,39,30,30,22
Lionel Andrews,PG,FA,25,2,2279,30,32,20,26,62,58,47,27,29,32,37,23,34,33,62,43,20
Josh Reynolds,FC,FA,26,2,2279,30,33,66,48,51,59,37,24,45,9,20,9,14,25,37,32,49
Demetrius Wilson,SF,FA,24,2,2279,30,36,48,33,59,57,29,43,43,41,31,19,28,28,35,23,32
Mark Bell,SF,FA,24,2,2279,30,38,44,32,30,28,26,34,33,53,45,52,45,42,28,25,27
TJ Barton,PF,FA,23,2,2279,30,36,58,36,31,27,34,46,31,26,37,44,31,40,23,22,33
Brian Robinson,FC,FA,23,2,2279,30,39,65,28,19,24,27,44,20,23,18,16,39,55,26,39,41
Brock Montgomery,PG,FA,24,2,2279,30,36,27,20,51,42,29,33,30,28,23,13,41,48,57,49,24
Michael Fredericks,FC,QUE,26,2,2279,30,33,62,40,31,26,40,59,33,17,21,11,29,37,30,48,51
Seth Edwards,PG,FA,26,2,2279,30,32,17,21,62,60,34,12,15,39,32,50,31,36,48,54,16
Michael Warren,GF,FA,26,2,2279,30,33,40,33,39,36,31,28,30,17,25,39,30,45,44,41,26
Derek Floyd,GF,NOJ,21,3.64,2280,30,43,44,28,54,48,14,17,30,31,48,54,27,36,37,27,18
Brandon White,FC,FA,22,2,2279,30,46,70,46,34,34,18,61,51,11,11,8,22,35,44,37,41
Jose Aparicio,SF,QUE,20,7.9,2281,30,55,42,45,41,37,16,24,34,18,12,11,35,51,33,43,61
Mathieu Petit,FC,UTA,20,7.58,2281,30,56,62,43,38,41,26,34,39,29,20,17,30,36,31,28,49
Richard Jackson,SF,NOJ,20,2,2280,30,52,44,52,62,56,28,63,47,33,29,19,20,24,34,30,49
Zech Boyd,GF,IND,20,2,2280,30,56,47,37,66,58,24,26,56,21,18,14,24,23,47,42,21
Rob Laroche,PG,POR,21,2,2280,30,48,25,19,57,64,24,28,38,23,19,21,25,51,50,52,28
Justin Bragg,F,FA,29,2,2279,29,29,52,39,37,38,45,15,23,47,53,61,33,18,27,24,27
Jamaal Giovanetti,FC,DP,19,2,2271,29,61,64,41,45,29,14,38,27,18,40,39,15,41,25,28,30
George Brown,FC,DP,19,2,2271,29,58,61,39,44,31,12,31,27,22,39,44,28,28,28,28,52
David Boesen,PG,DP,19,2,2271,29,60,29,21,66,61,14,18,48,27,26,38,23,33,55,48,21
Marko Aliu,SG,DP,21,2,2271,29,52,34,44,39,34,39,56,53,32,46,43,31,35,30,30,32
Joe Hawkins,GF,FA,28,2,2279,29,30,44,34,57,45,25,7,40,29,24,38,34,24,34,38,33
Jordan Fluellen,C,FA,28,2,2279,29,29,74,50,36,28,45,20,42,9,15,19,27,27,24,19,32
Mitch Childress,FC,FA,28,2,2279,29,31,63,37,26,17,26,46,31,31,24,30,38,31,39,37,46
Brad Hankins,F,FA,28,2,2279,29,30,52,30,24,23,30,49,35,52,44,50,37,30,39,34,38
Phillip Williams,PF,FA,29,2,2279,29,29,55,44,26,25,30,34,37,21,24,24,33,39,37,38,61
Damon Green,SF,FA,26,2,2279,29,32,52,26,48,41,33,21,36,34,30,33,28,28,40,35,31
Conrad Ware,PG,FA,26,2,2279,29,30,21,29,54,60,39,27,23,42,49,50,28,27,46,50,34
Tyren Florence,SF,FA,25,2,2279,29,31,46,30,62,50,29,19,32,22,31,36,33,21,44,22,24
Cole Perkins,GF,FA,25,2,2279,29,32,37,33,54,44,37,18,22,35,48,42,25,42,37,19,14
Jess Washington,F,FA,25,2,2279,29,32,55,30,35,36,30,35,30,14,30,33,32,40,33,33,26
Joseph Tufele,GF,FA,28,2,2279,29,31,39,19,45,28,37,29,43,30,34,48,29,45,48,21,24
Cortez Bowens,SF,FA,28,2,2279,29,29,42,60,55,51,39,31,50,19,32,15,22,27,30,31,43
Jay Porebski,FC,FA,23,2,2279,29,39,66,37,27,23,41,48,36,17,29,35,33,25,38,30,27
Jacoby Woolsey,SG,FA,25,2,2279,29,33,34,16,31,26,27,26,17,36,44,47,42,51,55,35,39
Zach Ervin,FC,FA,26,2,2279,29,30,61,39,28,30,31,45,29,15,17,23,31,35,33,38,55
Hunter Christmas,PF,PHX,22,2,2279,29,43,62,46,38,37,23,41,45,21,39,38,27,25,28,28,27
Armand Sanders,PG,PHI,22,3.97,2279,29,42,26,17,50,54,23,41,30,45,55,56,38,24,63,46,20
Jake Denson,FC,FA,23,2,2279,29,42,65,23,28,16,18,57,31,27,42,25,32,38,49,39,43
Jamison Atterberry Jr.,FC,FA,23,2,2279,29,39,58,43,36,25,38,21,44,35,25,33,37,35,13,19,27
Dragos Mumteanu,SF,TOR,21,2,2279,29,50,49,36,62,40,22,18,47,44,35,41,38,25,13,15,13
Brandon Nabors,SF,PHI,22,2,2279,29,43,51,46,50,44,22,20,52,31,29,23,22,23,42,44,22
Antonio Starkey,PG,FA,22,2,2279,29,41,19,26,34,42,42,28,32,37,39,36,43,52,34,38,37
Carter Helton,SG,FA,23,2,2279,29,34,39,28,34,24,33,46,31,21,19,34,33,47,45,44,30
Rashad Howard,PG,BKN,20,2,2280,29,54,29,23,62,61,27,20,13,31,43,42,23,37,50,43,26
Shaun Gee,SG,MIA,20,2,2280,29,54,40,26,42,47,17,22,29,31,38,44,53,20,41,49,22
Blair Frederick,F,NYK,20,2,2280,29,59,56,34,31,27,25,45,35,25,34,33,32,29,45,45,50
Dillon Collins,PG,PHI,20,2,2280,29,53,27,39,67,77,29,17,14,48,45,55,27,16,37,33,9
Broc Brown,C,FA,32,2,2279,28,28,75,11,9,1,10,31,25,25,29,11,47,48,53,48,36
Kyle Howard,SF,FA,29,2,2279,28,28,51,23,41,37,18,12,28,20,42,43,22,49,41,20,17
Chris Hudson,GF,FA,29,2,2279,28,28,40,29,53,42,23,23,38,24,22,14,29,45,47,27,31
Michael Gray,PF,FA,29,2,2279,28,28,50,34,25,9,65,23,33,25,19,42,33,52,10,6,25
Isaiah Green,PG,DP,19,2,2271,28,57,26,28,71,61,7,28,24,46,48,55,23,19,52,51,18
Torrance Popoola,PG,DP,19,2,2271,28,58,35,21,45,45,17,14,14,43,50,46,46,18,47,68,26
Kyle McNulty,GF,DP,19,2,2271,28,58,48,49,58,45,16,26,58,31,20,16,15,22,42,50,27
Eli Barron,PF,DP,19,2,2271,28,56,50,43,54,49,32,18,38,45,37,32,22,29,18,19,43
P.J. Murphy,SF,DP,19,2,2271,28,59,53,40,67,63,21,16,50,24,29,19,14,16,40,35,32
Ryan Alderman,C,DP,20,2,2271,28,45,71,51,31,40,17,20,42,25,32,35,14,38,14,18,38
Mido Kattan,SG,DP,20,2,2271,28,51,37,33,50,50,19,18,32,35,49,44,28,21,49,48,35
Nazar Altin,SG,DP,22,2,2271,28,40,35,24,28,32,33,26,18,55,42,45,43,39,41,37,33
Jalen Reinke,SF,FA,28,2,2279,28,30,46,27,39,45,27,21,35,46,41,36,30,29,47,36,34
Ryan Dixon,PF,FA,28,2,2279,28,29,59,37,34,33,32,54,47,33,40,33,27,27,32,28,29
Isaac Beasley,FC,FA,27,2,2279,28,29,62,35,24,16,31,33,33,30,35,35,37,28,35,41,47
Chris Marshall,PG,FA,25,2,2279,28,31,13,31,48,59,45,28,8,25,19,19,43,39,61,46,42
LJ Johnson,SF,FA,26,2,2279,28,30,49,27,31,31,37,17,17,45,39,49,28,41,26,32,22
DeMarcus Smith,F,FA,24,2,2279,28,34,41,49,28,27,32,45,24,30,27,40,28,54,20,19,55
John Morse,FC,FA,24,2,2279,28,33,63,22,29,20,38,38,13,28,24,17,48,32,24,46,35
Jozef Novák,C,FA,25,2,2279,28,30,80,43,15,22,27,65,26,29,24,13,27,37,24,32,44
Patrick Hix,GF,FA,25,2,2279,28,31,35,42,44,60,43,18,24,41,35,36,32,37,19,24,20
Domagoj Zizic,PG,FA,23,2,2279,28,39,21,19,39,48,44,28,39,27,20,14,47,51,38,44,32
Marcus Anderson,SF,DEN,22,8.56,2279,28,41,52,28,52,41,11,37,44,34,32,46,22,28,43,22,19
D.D. Allgood,GF,FA,22,2,2279,28,38,40,31,41,55,23,23,38,41,55,32,40,23,53,26,33
Myron Jones,F,DAL,22,2,2279,28,42,52,29,43,42,20,23,32,28,35,32,27,34,36,37,41
Eric Green,PF,FA,22,2,2279,28,37,52,46,39,37,34,45,42,15,12,12,27,43,21,27,45
Jamil White,C,IND,24,2,2279,28,35,68,35,38,35,40,48,34,27,27,17,26,33,9,21,43
Tyvon Ryan,SF,CHI,25,2,2279,28,32,47,19,29,20,27,23,25,48,31,59,23,49,36,34,35
Josh Clarke,SG,GSW,21,2,2279,28,46,37,37,53,38,30,44,36,29,38,26,21,31,57,42,44
Dominique Vinson,FC,PHX,20,2,2280,28,54,67,29,44,34,17,29,34,26,38,37,18,21,49,34,44
Josip Hodzic,F,FA,21,2,2279,28,41,49,48,37,31,28,31,36,31,36,33,29,36,26,27,38
Westley Hall,SF,FA,23,2,2279,28,38,44,37,39,37,21,52,44,24,33,19,35,40,43,27,47
Patrick Cunningham,GF,ORL,23,2,2280,28,36,41,26,23,45,30,42,46,25,27,44,34,44,32,38,36
Troy Gillis,G,FA,29,2,2279,27,27,36,10,59,33,25,4,10,25,24,47,27,37,58,38,8
Ahmard Barnes,SF,DP,19,2,2271,27,58,47,28,40,39,13,36,33,22,29,39,24,35,45,42,45
T.J. Boyd,C,DP,19,2,2271,27,60,63,39,30,38,18,41,26,29,37,41,30,27,19,28,57
Andrew Simon,SF,DP,19,2,2271,27,55,51,46,39,39,18,48,57,26,38,40,16,21,49,37,45
Thomas Whitmer,SF,DP,19,2,2271,27,58,43,53,54,35,36,45,49,24,24,16,13,38,18,28,49
Jason Smith,SG,DP,19,2,2271,27,57,34,32,48,35,19,29,29,26,36,36,21,45,41,42,30
Brandon Edwards,G,DP,19,2,2271,27,57,35,36,69,69,23,32,45,44,32,33,15,22,38,31,16
Eddie Roberts,FC,DP,20,2,2271,27,50,62,37,38,25,29,33,27,32,26,36,20,36,26,22,37
Milan Kus,FC,DP,20,2,2271,27,45,61,41,39,37,12,55,32,29,16,23,27,30,25,31,44
Carmine Parrillo,SF,DP,22,2,2271,27,45,42,42,42,35,21,42,35,18,28,25,21,44,32,34,62
Darrion Reid,PF,FA,28,2,2279,27,30,55,43,35,27,20,44,39,13,17,19,35,32,36,30,53
Milos Micov,FC,FA,28,2,2279,27,27,59,31,22,25,30,44,23,30,32,29,29,38,39,35,47
Alante Jackson,G,FA,29,2,2279,27,27,31,27,42,38,30,26,23,53,64,43,36,27,49,42,35
Travis Epps,C,FA,27,2,2279,27,27,71,36,40,32,35,25,39,9,10,8,24,29,23,28,41
Andre Lewis,GF,FA,27,2,2279,27,27,40,41,58,63,29,25,40,26,28,30,20,23,40,26,26
Colby Conway,FC,FA,27,2,2279,27,27,59,25,21,19,28,19,24,24,29,19,27,48,42,43,64
George Arnold,F,FA,29,2,2279,27,27,50,42,21,23,44,43,42,21,30,22,34,40,30,33,41
Curtis Hall,SG,FA,26,2,2279,27,29,35,34,31,35,36,39,37,50,34,41,37,32,37,34,32
Kevin Brown,F,FA,26,2,2279,27,29,50,43,35,31,24,35,35,22,29,23,35,33,33,35,45
Georg Washington,PG,FA,25,2,2279,27,29,20,25,53,43,36,18,25,34,49,53,34,37,23,41,16
Blake Kynard,GF,FA,23,2,2279,27,32,38,33,58,58,41,10,34,24,29,30,26,28,34,17,14
Chaise Ellerbe,SG,FA,23,2,2279,27,37,37,25,52,50,21,28,40,36,40,25,28,29,50,43,34
Rob Pupello,GF,FA,24,2,2279,27,34,39,28,46,38,46,25,31,16,18,19,37,29,45,34,32
Shawn DeWalt,PG,IND,22,2,2279,27,42,21,20,51,40,27,45,34,40,31,51,28,39,52,40,23
Robert Schomp,G,MIN,20,5.28,2281,27,51,35,34,53,58,13,32,42,39,49,51,18,35,30,32,20
Isaiah Midkiff,GF,LAC,20,3.97,2281,27,55,38,33,65,50,40,26,19,19,9,7,19,44,32,30,22
Dave Hebert,SF,FA,21,2,2279,27,43,47,40,49,51,25,33,53,39,56,28,18,26,39,21,26
Lars Svensson,PF,FA,29,2,2279,26,26,54,47,34,34,36,32,47,16,22,11,26,31,28,31,44
Zach Calloway,FC,DP,19,2,2271,26,61,61,44,45,34,26,37,29,30,21,18,13,33,23,29,50
Billy Beattie,C,DP,20,2,2271,26,44,68,33,44,46,16,42,50,26,19,15,21,20,34,30,53
Julius Pipkins,GF,FA,29,2,2279,26,26,42,21,36,29,17,19,31,39,51,48,30,37,38,34,30
Mohammad Heydari,SF,FA,26,2,2279,26,26,48,28,52,47,27,34,36,33,34,37,19,30,24,22,23
Mamadou Diagne,F,FA,27,2,2279,26,27,47,44,36,34,31,28,36,19,21,10,29,35,38,35,49
Allen Warzynski,C,FA,29,2,2279,26,26,64,36,23,18,28,13,39,18,17,18,35,31,39,29,43
Davaughn Ferguson,SF,FA,25,2,2279,26,31,38,50,37,44,40,39,32,32,29,27,27,32,30,29,45
Chris Burrus,SG,FA,24,2,2279,26,32,33,23,36,52,39,27,11,38,27,29,40,34,33,43,27
Kouadio Ouattara,PG,FA,22,2,2279,26,39,25,13,53,45,30,19,11,45,39,35,27,26,64,65,25
Chris Whaley,GF,FA,22,2,2279,26,42,39,24,39,56,27,30,43,37,45,46,31,32,35,19,32
Michael Robinson,SG,FA,23,2,2279,26,38,35,31,35,47,27,51,51,55,34,31,37,27,40,35,28
Aidan Walsh,SG,FA,21,2,2279,26,40,36,26,49,45,19,21,36,28,51,51,27,24,48,34,26
Devin Simmons,SG,PHX,21,2,2279,26,47,35,41,48,51,15,16,24,38,27,28,34,31,27,43,37
Amir Garden,PF,VIR,21,2,2279,26,47,52,27,26,34,22,16,10,40,41,44,41,24,40,39,57
George Ehambe,C,FA,24,2,2279,26,30,60,53,47,33,32,13,31,18,23,13,17,35,15,17,41
Eric McGrath,PF,BOS,21,2,2280,26,43,56,28,37,49,33,31,42,23,18,14,27,30,33,29,54
Sean Mathews,SG,FA,22,2,2279,26,38,37,27,50,50,15,20,32,35,45,42,25,31,37,38,22
Stewart James,C,FA,22,2,2279,26,32,68,41,39,38,17,40,40,20,28,27,24,30,11,14,25
Chris Cain,FC,FA,23,2,2279,26,31,58,39,32,35,10,29,40,7,8,36,16,48,22,21,47
Gavin Ferrara,F,FA,23,2,2279,26,38,51,28,39,27,37,48,28,30,23,17,18,35,41,45,45
Hasaan Littles,SF,FA,29,2,2279,25,25,43,30,44,38,39,17,34,27,34,36,26,41,13,17,16
John Thomas,PG,DP,19,2,2271,25,56,24,36,62,50,38,24,23,27,34,31,11,31,35,47,35
Dounia Roussel,GF,DP,19,2,2271,25,51,40,40,47,48,18,38,35,34,58,49,14,12,61,37,39
Mislav Tomas,FC,DP,19,2,2271,25,54,65,22,42,53,26,39,45,21,14,5,21,21,35,33,52
Mamadou Sane,SF,DP,20,2,2271,25,51,46,16,32,31,27,13,13,35,36,41,25,42,40,40,34
Cole Jones,GF,DP,22,2,2271,25,36,41,34,24,22,29,31,26,30,30,35,34,46,25,36,30
Ismael Gonzalez,PG,FA,26,2,2279,25,27,23,23,46,45,35,23,20,36,33,39,28,29,59,47,34
Rocco Forbes,SF,FA,25,2,2279,25,27,42,34,32,25,21,55,35,25,37,13,38,37,38,37,43
Ross Binns,SF,FA,28,2,2279,25,27,46,20,38,31,39,18,20,27,37,42,24,37,43,24,17
Eli Jones,SF,FA,24,2,2279,25,32,50,30,52,37,25,24,37,11,19,16,30,26,35,31,22
Mikhail Richard,SG,FA,26,2,2279,25,27,34,17,31,29,17,44,30,41,55,60,24,52,32,21,27
Chaz Hayes,F,MIA,22,2,2279,25,42,57,18,46,47,24,35,26,37,33,13,20,26,39,42,26
Micah Zeglinski,G,FA,22,2,2279,25,33,30,8,38,35,26,8,2,32,23,21,46,41,45,61,36
Gerren Wolf,F,FA,23,2,2279,25,38,52,37,44,45,23,50,48,27,20,14,26,31,25,19,35
Joe Boyer,FC,FA,25,2,2279,25,26,65,38,34,30,20,14,34,32,26,38,31,17,26,26,24
Joris Bakker,GF,ATL,21,2,2279,25,42,37,34,49,42,19,37,37,16,27,26,20,39,40,30,37
Quintin Howard,C,LVA,21,4.95,2280,25,45,59,44,31,30,26,40,27,23,17,40,18,41,14,10,46
Reggie Addison,PG,BOS,22,2,2279,25,39,26,17,42,48,21,8,14,22,27,31,33,38,50,60,24
Jason Laufenberg,PF,FA,22,2,2279,25,35,59,32,30,27,35,30,40,32,24,21,28,27,29,31,42
Richard King,FC,FA,29,2,2279,24,24,56,42,32,29,40,18,10,13,35,32,29,35,12,7,22
Andrew Carson,PF,FA,27,2,2279,24,26,60,35,38,31,21,25,43,20,25,24,21,30,22,25,29
Sam Dantzler,F,FA,28,2,2279,24,26,50,27,26,17,15,40,25,21,21,19,39,37,41,42,59
Lee Williams,F,FA,26,2,2279,24,25,56,22,40,44,18,11,23,20,28,35,47,9,30,35,17
Shawn Witt,G,FA,26,2,2279,24,25,28,38,55,58,43,23,29,47,38,33,27,24,17,25,20
Roger Duffey,FC,FA,24,2,2279,24,27,63,38,23,20,25,53,42,18,12,1,34,34,25,32,41
Trevor Patterson,F,FA,24,2,2279,24,32,56,15,41,31,23,22,22,27,40,38,21,35,32,23,19
Zach Stephenson,C,FA,24,2,2279,24,30,68,29,30,30,16,30,25,14,23,14,31,31,22,33,43
Treshaun Carroll,PG,NOJ,20,2,2280,24,48,27,26,63,68,24,22,18,28,40,39,22,17,46,44,17
Bryce Campbell,SG,SEA,21,2,2280,24,37,40,28,55,53,23,25,41,25,36,39,22,19,39,24,17
Sherrod Dandridge,PF,DP,19,2,2271,23,57,51,42,31,38,20,27,21,28,20,23,29,24,31,34,51
Mike Detrick,GF,DP,19,2,2271,23,54,36,49,40,45,15,54,54,22,38,10,18,38,40,26,33
Jacob Wellington,SF,DP,19,2,2271,23,46,50,28,37,32,20,8,19,33,39,44,15,33,29,41,31
Alex Woods,F,FA,29,2,2279,23,23,54,20,24,23,22,26,24,39,39,32,37,28,37,34,27
Anthony Martinez,SF,FA,29,2,2279,23,23,42,37,32,23,36,30,37,32,21,29,26,33,28,26,39
Victor Coleman,SF,FA,27,2,2279,23,23,47,29,43,36,29,18,38,22,21,18,26,27,36,28,26
Raphael Billingsley,SF,FA,25,2,2279,23,27,48,21,32,32,35,4,5,30,25,34,21,37,31,39,25
Maurice Duncan,SF,FA,27,2,2279,23,26,43,51,40,38,28,57,49,25,29,23,24,23,26,22,31
Andy Justice,F,FA,28,2,2279,23,25,56,32,51,35,13,36,36,23,34,19,19,16,45,34,31
Cameron Davis,SF,FA,26,2,2279,23,24,50,30,47,43,24,15,37,18,10,9,22,22,48,42,23
Jake Austin,GF,FA,27,2,2279,23,24,33,43,37,24,38,37,32,22,32,31,32,39,15,21,33
Quentin Comfort,GF,FA,23,2,2279,23,29,39,19,39,36,32,26,23,19,19,35,23,40,37,30,21
Lior Katz,F,FA,24,2,2279,23,31,48,30,35,24,30,40,22,17,33,36,22,46,15,15,38
Patrick Moore,FC,CHI,21,2,2279,23,40,63,41,45,47,23,20,44,23,25,19,17,15,23,22,32
Johnathon Taylor,PF,CLE,21,2,2279,23,36,63,33,42,35,19,59,47,9,23,16,18,17,38,27,31
Alex Rogers,FC,LAL,22,2,2279,23,36,59,25,20,36,17,27,25,22,35,18,34,30,47,21,45
Sean Okonkwo,SG,SAS,20,2,2280,23,44,38,23,57,49,23,14,37,44,34,28,22,13,54,34,17
Zack Lewis,FC,FA,29,2,2279,22,22,60,25,28,19,21,47,44,23,13,30,20,32,38,14,32
Darius Rodgers,SF,FA,29,2,2279,22,22,48,23,39,34,25,0,18,22,30,29,36,22,43,29,2
Adriano Boscagin,GF,FA,28,2,2279,22,22,37,22,33,30,20,17,31,16,21,26,27,40,43,37,40
Eric Goldwire,SF,FA,29,2,2279,22,22,50,32,41,42,31,21,42,35,41,32,24,18,26,19,18
Tyler Rhymes,F,FA,25,2,2279,22,25,43,22,25,19,23,20,13,17,10,8,41,47,30,39,53
Brody Schmidt,PG,FA,25,2,2279,22,25,9,18,32,31,41,21,24,35,37,34,43,49,37,35,26
Josh Wright,F,FA,26,2,2279,22,24,50,35,52,52,25,18,40,21,29,10,19,18,31,28,30
Jacob Bailey,PF,FA,22,2,2279,22,33,53,16,21,41,20,16,21,37,34,47,33,29,24,21,45
James Dillard,G,FA,21,2,2279,22,35,30,27,61,56,36,22,23,29,30,22,26,15,37,38,24
Emanuel Meriweather,GF,FA,21,2,2279,22,36,38,33,45,51,31,21,29,29,19,22,20,30,35,24,29
Sheldon Lane,FC,FA,29,2,2279,21,21,58,37,24,12,53,46,23,20,18,12,21,30,21,22,40
Anthony Smith,C,DP,19,2,2271,21,52,65,35,21,25,9,26,23,26,20,13,22,42,19,20,57
Igor Slavica,FC,DP,19,2,2271,21,57,63,48,45,55,15,48,56,15,26,11,11,12,18,20,37
Billy Baldridge,SF,DP,20,2,2271,21,42,43,42,33,38,31,25,41,29,18,26,21,17,38,33,40
Logan Grant,PG,FA,28,2,2279,21,22,20,20,43,35,20,21,12,30,36,26,33,33,47,49,26
Chandon Barnes,PF,FA,28,2,2279,21,21,53,40,28,22,27,39,31,24,19,24,21,26,26,35,44
T.J. Wheeler,F,FA,29,2,2279,21,21,47,19,27,25,25,23,23,29,30,33,33,26,44,28,38
Chad Keller,GF,FA,26,2,2279,21,24,40,40,33,39,27,20,38,14,31,28,38,13,30,41,26
Beau Schaefer,PF,FA,26,2,2279,21,25,47,52,30,29,21,38,30,16,15,34,12,46,4,11,38
Esteban Neph,SF,MIA,21,2,2279,21,36,49,21,44,33,27,34,40,39,48,18,14,30,37,22,17
Goran Majcen,G,DAL,21,2,2279,21,35,20,26,41,38,28,13,11,33,44,24,21,46,37,35,39
Wade Barden,PF,FA,22,2,2279,21,31,60,28,23,24,26,46,24,26,26,27,19,29,24,29,38
Tully Coleman,GF,FA,23,2,2279,21,26,39,27,45,47,16,27,45,18,11,12,20,42,22,18,20
Jalin Hart,FC,DP,19,2,2271,20,49,65,52,43,45,24,49,28,26,14,19,7,12,14,19,24
John Proctor,SF,DP,19,2,2271,20,39,45,26,41,36,15,47,37,22,21,15,21,19,38,39,46
Demarcus Lichtenberg,F,DP,20,2,2271,20,45,48,40,43,41,23,25,22,29,35,31,17,14,28,27,32
Cornell Moss,PF,DP,21,2,2271,20,32,54,33,19,29,23,15,18,11,8,25,24,32,31,35,36
Ronnie Lawry Jr.,C,FA,27,2,2279,20,22,67,28,23,19,22,28,23,17,10,23,27,25,24,25,37
Cole Walk,SG,FA,27,2,2279,20,21,34,20,51,42,25,20,36,27,32,29,20,30,23,23,18
C.J. Nunez,PF,FA,24,2,2279,20,25,41,50,21,31,38,26,23,17,19,3,26,41,15,16,54
Kendall Batiste,G,FA,21,2,2279,20,33,31,15,35,48,12,34,30,42,62,21,22,36,43,33,15
Victor Barron,PF,DP,19,2,2271,19,44,54,33,32,21,27,52,31,22,17,14,15,26,21,22,50
Kyle Kern,PG,FA,28,2,2279,19,20,18,20,37,33,31,21,12,24,33,38,29,29,37,40,30
Tarique Cox,FC,FA,27,2,2279,19,21,61,18,17,11,10,24,9,24,10,12,36,37,23,34,42
Baylen Moore,F,FA,24,2,2279,19,24,56,21,51,36,17,25,28,21,39,12,13,24,26,16,10
Jonathan Diggs,G,CHI,20,2,2280,19,35,29,32,50,58,21,23,29,26,19,26,17,19,42,27,31
John Best,SF,DP,19,2,2271,18,50,50,30,50,52,12,12,23,42,36,37,14,6,18,18,15
Kouassi Ouattara,GF,FA,28,2,2279,18,19,35,40,23,25,23,39,36,25,24,21,24,29,29,27,36
Frank Williams,PG,FA,26,2,2279,18,20,19,27,45,48,40,30,28,22,39,15,18,25,38,27,11
Lewis Winters,FC,FA,27,2,2279,18,18,62,28,16,20,19,37,28,13,30,22,24,21,26,20,25
Derrick Petit,SG,FA,26,2,2279,18,20,34,19,45,32,29,9,16,14,32,43,17,17,36,32,17
Aleksey Yakovlev,PG,FA,20,2,2279,18,41,19,24,47,34,37,25,12,36,38,20,15,32,31,40,35
Matthew Shepherd,SG,CHA,20,2,2280,18,39,37,27,57,37,13,23,37,23,27,36,12,11,43,17,14
Chris Griswold,GF,FA,20,2,2279,18,35,43,9,33,16,7,31,25,35,54,31,22,28,37,33,24
Jesse Brown,GF,DP,22,2,2271,17,29,39,23,30,33,29,18,22,23,24,28,19,25,34,20,23
Colin Dawson,FC,FA,29,2,2279,17,17,60,31,15,10,16,14,34,4,7,2,28,25,28,31,53
Brendan Gardner,FC,FA,28,2,2279,17,18,64,16,22,5,16,50,29,8,3,22,25,20,32,21,32
Marshall Williams,C,FA,24,2,2279,17,20,66,4,21,24,21,29,27,10,7,9,28,25,25,16,35
Garrett Brennan,SF,FA,29,2,2279,16,16,39,18,12,0,24,37,17,17,25,16,36,32,33,35,47
Timothy Poehlmann,PF,FA,23,2,2279,15,23,59,15,27,38,15,17,19,7,30,29,16,13,20,11,14
Pierre Merchant,SG,FA,20,2,2279,15,32,33,37,25,28,20,46,39,13,31,8,10,25,40,25,34
Zack Cannon,PF,DP,20,2,2271,14,27,55,29,33,24,19,40,19,11,13,14,9,17,16,17,21
Tyler Guidry,PG,FA,25,2,2279,14,16,21,10,41,56,14,6,31,6,5,4,21,32,25,29,10
Jason Madden,FC,FA,23,2,2279,14,22,61,16,23,8,20,36,9,6,16,24,12,30,2,7,21
William Weaver,C,FA,28,2,2279,11,12,70,2,0,2,5,6,1,12,2,8,17,23,31,33,51
Gaston Thomson,SF,FA,28,2,2279,11,12,39,25,20,20,16,18,4,3,14,21,22,25,6,2,10
Calogero Bianchi,F,FA,26,2,2279,10,13,54,10,18,18,14,11,15,19,24,23,13,12,17,10,9
Josh Charles,SF,FA,26,2,2279,10,11,38,9,16,14,24,18,11,11,32,1,14,33,27,3,10
Marty Stewart,SF,FA,29,2,2279,8,8,43,17,9,2,6,32,24,7,25,25,18,10,26,15,14
Joseph Robey,F,FA,26,2,2279,8,9,47,13,26,28,17,10,13,22,11,23,7,6,9,6,12